casePath,time,nCells,totalVolume,hEff,TmaxRoom,TavgRoom,T95Room,roomHotspotThreshold,roomHotspotVolume,roomHotspotVolumeFraction,TmaxRackInlet,TavgRackInlet,T95RackInlet,rackInletRiskThreshold,rackInletHotspotVolume,rackInletHotspotFraction,nRackInletCells,returnOutletTareaAvg,returnOutletTmassFlowAvg,returnOutletOutflowFlux,pressureField,supplyPressureAvg,returnPressureAvg,deltaP_supply_minus_return,caseID,caseName,caseDir,timeSample,Usupply,Tsupply,totalRackPowerW,expectedSupplyFlow,TavgRackRise,T95RackRise,TmaxRackRise,TavgRoomRise,T95RoomRise,TmaxRoomRise,returnTempRise,flowBalanceErrorPercent,pressurePowerProxy,airChangesPerHour,estimatedHeatRemovedW,heatBalanceErrorPercent
/home/pankaj/Documents/HVAC/ThermoFOAM-DC-v01-publication/cases/parameterstudy/C00,4000,105000,105,0.1,319.3432,306.915765089,313.5905,315,2.377,0.0226380952381,317.3276,302.399471544,313.7578,305,0.973,0.460700757576,2112,312.700074667,312.461215617,1.0185837502,p_rgh,0.586404654861,0,0.586404654861,C00,baseline,/home/pankaj/Documents/HVAC/ThermoFOAM-DC-v01-publication/cases/parameterstudy/C00_baseline,4000.0,0.75,291.0,18000.0,1.08,11.399471543999994,22.757799999999975,26.327600000000018,15.91576508899999,22.59050000000002,28.343200000000024,21.461215616999993,5.68668979629631,0.597302252483054,34.92287143542857,26363.214857339677,46.46230476299821
/home/pankaj/Documents/HVAC/ThermoFOAM-DC-v01-publication/cases/parameterstudy/C00,5000,105000,105,0.1,319.3866,306.975634721,313.873,315,2.779,0.0264666666666,315.8079,302.956469886,313.9425,305,1.031,0.488162878788,2112,310.150484,309.773417952,1.0230624685,p_rgh,0.50628695625,0,0.50628695625,C00,baseline,/home/pankaj/Documents/HVAC/ThermoFOAM-DC-v01-publication/cases/parameterstudy/C00_baseline,5000.0,0.75,291.0,18000.0,1.08,11.95646988599998,22.942499999999995,24.807900000000018,15.975634721000006,22.87299999999999,28.386599999999987,18.77341795199999,5.2719936574074096,0.5179631832304765,35.076427491428575,23162.893450459324,28.682741391440686
/home/pankaj/Documents/HVAC/ThermoFOAM-DC-v01-publication/cases/parameterstudy/C00,6000,105000,105,0.1,317.5246,307.531919131,314.0248,315,1.69,0.0160952380952,316.3676,302.963250852,313.4094,305,1.11,0.525568181818,2112,309.172097333,308.504307572,1.0185871682,p_rgh,0.535446134722,0,0.535446134722,C00,baseline,/home/pankaj/Documents/HVAC/ThermoFOAM-DC-v01-publication/cases/parameterstudy/C00_baseline,6000.0,0.75,291.0,18000.0,1.08,11.963250851999987,22.409400000000005,25.36759999999998,16.531919130999995,23.024800000000027,26.52460000000002,17.504307572000016,5.686373314814816,0.5453985620901177,34.922988624,21502.57367576477,19.4587426431376
/home/pankaj/Documents/HVAC/ThermoFOAM-DC-v01-publication/cases/parameterstudy/C00,7000,105000,105,0.1,315.6451,307.000870402,312.7466,315,0.122,0.0011619047619,314.4526,300.662464725,312.4983,305,0.736,0.348484848485,2112,311.907570667,311.806138583,1.0179445109,p_rgh,0.655780157639,0,0.655780157639,C00,baseline,/home/pankaj/Documents/HVAC/ThermoFOAM-DC-v01-publication/cases/parameterstudy/C00_baseline,7000.0,0.75,291.0,18000.0,1.08,9.662464725000007,21.498299999999972,23.452600000000018,16.000870401999975,21.7466,24.645100000000014,20.806138583000006,5.745878620370372,0.6675478118257567,34.90095465942857,25542.470443689013,41.90261357605007
/home/pankaj/Documents/HVAC/ThermoFOAM-DC-v01-publication/cases/parameterstudy/C00,8000,105000,105,0.1,318.4192,307.191293715,313.3296,315,1.495,0.0142380952381,316.4301,304.490670502,314.1041,305,1.23,0.582386363636,2112,309.287279667,307.606051745,1.0253627817,p_rgh,0.546873263194,0,0.546873263194,C00,baseline,/home/pankaj/Documents/HVAC/ThermoFOAM-DC-v01-publication/cases/parameterstudy/C00_baseline,8000.0,0.75,291.0,18000.0,1.08,13.490670502,23.104100000000017,25.43009999999998,16.191293714999972,22.329600000000028,27.41919999999999,16.606051745000002,5.059001694444455,0.5607434903859561,35.15529537257143,20534.83625683065,14.082423649059171
/home/pankaj/Documents/HVAC/ThermoFOAM-DC-v01-publication/cases/parameterstudy/C01,4000,105000,105,0.1,324.7892,315.383477957,322.1746,315,67.771,0.645438095237,320.3554,310.571888305,318.6931,305,1.668,0.789772727273,2112,316.531265667,315.469235358,0.67797320103,p_rgh,0.548284148611,0,0.548284148611,C01,lowSupplyVelocity,/home/pankaj/Documents/HVAC/ThermoFOAM-DC-v01-publication/cases/parameterstudy/C01_lowSupplyVelocity,4000.0,0.5,291.0,18000.0,0.7200000000000001,19.571888305000016,27.693100000000015,29.355399999999975,24.383477957000025,31.174599999999998,33.789199999999994,24.46923535799999,5.837055412500007,0.37172195930780794,23.244795463885712,20006.919901838173,11.149555010212074
/home/pankaj/Documents/HVAC/ThermoFOAM-DC-v01-publication/cases/parameterstudy/C01,5000,105000,105,0.1,326.0542,315.243532022,321.4164,315,67.084,0.638895238094,324.6499,313.158940294,321.995,305,1.78,0.842803030303,2112,319.676547667,319.394722761,0.7038192245,p_rgh,0.572351236111,0,0.572351236111,C01,lowSupplyVelocity,/home/pankaj/Documents/HVAC/ThermoFOAM-DC-v01-publication/cases/parameterstudy/C01_lowSupplyVelocity,5000.0,0.5,291.0,18000.0,0.7200000000000001,22.15894029399999,30.995000000000005,33.6499,24.24353202200001,30.41640000000001,35.05419999999998,28.394722761000025,2.247329930555566,0.40283180314126044,24.130944839999998,24101.61061476868,33.897836748714894
/home/pankaj/Documents/HVAC/ThermoFOAM-DC-v01-publication/cases/parameterstudy/C01,6000,105000,105,0.1,326.5096,314.624479676,322.132,315,57.59,0.548476190475,320.6874,309.098006013,319.0283,305,1.52,0.719696969697,2112,318.184357,318.203308705,0.6906320194,p_rgh,0.788224904167,0,0.788224904167,C01,lowSupplyVelocity,/home/pankaj/Documents/HVAC/ThermoFOAM-DC-v01-publication/cases/parameterstudy/C01_lowSupplyVelocity,6000.0,0.5,291.0,18000.0,0.7200000000000001,18.098006012999974,28.0283,29.687400000000025,23.62447967600002,31.132000000000005,35.50959999999998,27.203308704999984,4.07888619444446,0.5443733573062266,23.678812093714285,22657.696086506658,25.87608936948143
/home/pankaj/Documents/HVAC/ThermoFOAM-DC-v01-publication/cases/parameterstudy/C01,7000,105000,105,0.1,327.8795,316.020221854,322.7981,315,72.257,0.688161904761,325.5859,312.34860071,324.1247,305,1.651,0.781723484848,2112,317.506076,316.312489002,0.68408994783,p_rgh,0.468947961806,0,0.468947961806,C01,lowSupplyVelocity,/home/pankaj/Documents/HVAC/ThermoFOAM-DC-v01-publication/cases/parameterstudy/C01_lowSupplyVelocity,7000.0,0.5,291.0,18000.0,0.7200000000000001,21.348600710000028,33.12470000000002,34.58589999999998,25.020221854,31.798099999999977,36.87950000000001,25.312489002000007,4.987507245833346,0.32080258672685136,23.45451249702857,20883.119252675715,16.01732918153175
/home/pankaj/Documents/HVAC/ThermoFOAM-DC-v01-publication/cases/parameterstudy/C01,8000,105000,105,0.1,326.78,315.081000173,321.2457,315,67.414,0.642038095237,323.113,311.549830208,321.6323,305,1.612,0.763257575758,2112,316.52029,315.397996536,0.67560857035,p_rgh,0.689772707639,0,0.689772707639,C01,lowSupplyVelocity,/home/pankaj/Documents/HVAC/ThermoFOAM-DC-v01-publication/cases/parameterstudy/C01_lowSupplyVelocity,8000.0,0.5,291.0,18000.0,0.7200000000000001,20.549830208000003,30.632299999999987,32.113,24.081000173000007,30.2457,35.77999999999997,24.397996535999994,6.16547634027779,0.4660163528744333,23.163722412000002,19879.095644263994,10.43942024591108
/home/pankaj/Documents/HVAC/ThermoFOAM-DC-v01-publication/cases/parameterstudy/C02,4000,105000,105,0.1,315.4624,303.84827722,309.0881,315,0.022,0.000209523809524,313.0918,298.379977273,308.0129,305,0.474,0.224431818182,2112,307.909788667,307.725392146,1.35670698,p_rgh,0.542582085417,0,0.542582085417,C02,highSupplyVelocity,/home/pankaj/Documents/HVAC/ThermoFOAM-DC-v01-publication/cases/parameterstudy/C02_highSupplyVelocity,4000.0,1.0,291.0,18000.0,1.4400000000000002,7.379977273000009,17.012900000000002,22.091799999999978,12.84827722,18.088099999999997,24.462400000000002,16.72539214599999,5.78423750000001,0.7361249025082002,46.51566788571429,27365.89625886473,52.03275699369294
/home/pankaj/Documents/HVAC/ThermoFOAM-DC-v01-publication/cases/parameterstudy/C02,5000,105000,105,0.1,314.8995,304.098941753,310.5108,315,0.0,0.0,311.4369,296.102138021,304.0027,305,0.069,0.0326704545455,2112,303.837659667,303.645442092,1.369925398,p_rgh,0.377204848611,0,0.377204848611,C02,highSupplyVelocity,/home/pankaj/Documents/HVAC/ThermoFOAM-DC-v01-publication/cases/parameterstudy/C02_highSupplyVelocity,5000.0,1.0,291.0,18000.0,1.4400000000000002,5.102138020999973,13.002700000000004,20.43689999999998,13.09894175300002,19.510800000000017,23.89949999999999,12.645442091999996,4.866291805555573,0.5167425023609539,46.96887078857142,20891.91462266747,16.06619234815262
/home/pankaj/Documents/HVAC/ThermoFOAM-DC-v01-publication/cases/parameterstudy/C02,6000,105000,105,0.1,314.356,303.038560094,308.5823,315,0.0,0.0,310.4928,298.697475805,308.2221,305,0.492,0.232954545455,2112,306.227693667,306.164195068,1.366982513,p_rgh,0.512476501389,0,0.512476501389,C02,highSupplyVelocity,/home/pankaj/Documents/HVAC/ThermoFOAM-DC-v01-publication/cases/parameterstudy/C02_highSupplyVelocity,6000.0,1.0,291.0,18000.0,1.4400000000000002,7.6974758050000105,17.22210000000001,19.49279999999999,12.03856009399999,17.582299999999975,23.355999999999995,15.164195068000026,5.070658819444459,0.7005464157221832,46.86797187428571,24999.40251490232,38.8855695272351
/home/pankaj/Documents/HVAC/ThermoFOAM-DC-v01-publication/cases/parameterstudy/C02,7000,105000,105,0.1,317.8632,304.212173448,310.2138,315,0.245,0.00233333333333,311.9219,296.130971449,304.4994,305,0.082,0.0388257575758,2112,304.914176333,304.596109855,1.349900891,p_rgh,0.4169963,0,0.4169963,C02,highSupplyVelocity,/home/pankaj/Documents/HVAC/ThermoFOAM-DC-v01-publication/cases/parameterstudy/C02_highSupplyVelocity,7000.0,1.0,291.0,18000.0,1.4400000000000002,5.130971449000015,13.49939999999998,20.921899999999994,13.212173447999987,19.213799999999992,26.863200000000006,13.596109855000009,6.256882569444448,0.5629036769137034,46.282316262857144,22134.201373722462,22.967785409569235
/home/pankaj/Documents/HVAC/ThermoFOAM-DC-v01-publication/cases/parameterstudy/C02,8000,105000,105,0.1,311.769,302.532664425,308.6836,315,0.0,0.0,310.2676,297.405712405,307.7247,305,0.309,0.146306818182,2112,307.732454,307.64291064,1.368109669,p_rgh,0.569797902083,0,0.569797902083,C02,highSupplyVelocity,/home/pankaj/Documents/HVAC/ThermoFOAM-DC-v01-publication/cases/parameterstudy/C02_highSupplyVelocity,8000.0,1.0,291.0,18000.0,1.4400000000000002,6.405712404999974,16.724699999999984,19.267600000000016,11.532664425000007,17.683600000000013,20.769000000000005,16.642910640000025,4.992384097222228,0.7795460192156676,46.90661722285715,27459.80832206574,52.554490678143
/home/pankaj/Documents/HVAC/ThermoFOAM-DC-v01-publication/cases/parameterstudy/C03,4000,105000,105,0.1,323.8857,312.155279964,319.2532,315,42.643,0.406123809523,319.3102,308.27425232,317.7678,305,1.349,0.638731060606,2112,315.290527667,314.698233253,1.0001636516,p_rgh,0.48143279375,0,0.48143279375,C03,warmerSupplyAir,/home/pankaj/Documents/HVAC/ThermoFOAM-DC-v01-publication/cases/parameterstudy/C03_warmerSupplyAir,4000.0,0.75,295.0,18000.0,1.08,13.274252320000016,22.767800000000022,24.31020000000001,17.155279963999988,24.253199999999993,28.885699999999986,19.698233253000012,7.392254481481479,0.48151158099698965,34.29132519771429,23759.957021869184,31.99976123260658
/home/pankaj/Documents/HVAC/ThermoFOAM-DC-v01-publication/cases/parameterstudy/C03,5000,105000,105,0.1,322.3711,311.681927707,318.5871,315,32.291,0.307533333333,319.9351,307.705327131,318.5403,305,1.219,0.577178030303,2112,313.869574,312.035965829,1.01158371134,p_rgh,0.498284436806,0,0.498284436806,C03,warmerSupplyAir,/home/pankaj/Documents/HVAC/ThermoFOAM-DC-v01-publication/cases/parameterstudy/C03_warmerSupplyAir,5000.0,0.75,295.0,18000.0,1.08,12.70532713099999,23.540300000000002,24.935099999999977,16.681927707,23.58710000000002,27.371100000000013,17.03596582900002,6.334841542592606,0.5040564198871751,34.68287010308571,20783.366480710876,15.463147115060423
/home/pankaj/Documents/HVAC/ThermoFOAM-DC-v01-publication/cases/parameterstudy/C03,6000,105000,105,0.1,325.1604,311.842452652,319.3741,315,32.234,0.30699047619,322.0093,307.40432893,319.181,305,1.206,0.571022727273,2112,314.525087,314.044749887,1.0223096652,p_rgh,0.512558656944,0,0.512558656944,C03,warmerSupplyAir,/home/pankaj/Documents/HVAC/ThermoFOAM-DC-v01-publication/cases/parameterstudy/C03_warmerSupplyAir,6000.0,0.75,295.0,18000.0,1.08,12.40432893000002,24.180999999999983,27.009299999999996,16.84245265200002,24.3741,30.16039999999998,19.044749887000023,5.341697666666663,0.5239936689757824,35.050617092571436,23480.37604824086,30.44653360133812
/home/pankaj/Documents/HVAC/ThermoFOAM-DC-v01-publication/cases/parameterstudy/C03,7000,105000,105,0.1,324.2949,311.494553359,318.6114,315,35.554,0.338609523809,319.9555,307.048424337,317.7845,305,1.229,0.581912878788,2112,316.373452333,315.532342647,1.0008901075,p_rgh,0.586588844444,0,0.586588844444,C03,warmerSupplyAir,/home/pankaj/Documents/HVAC/ThermoFOAM-DC-v01-publication/cases/parameterstudy/C03_warmerSupplyAir,7000.0,0.75,295.0,18000.0,1.08,12.048424336999972,22.78449999999998,24.955499999999972,16.494553359000008,23.611400000000003,29.294899999999984,20.532342647000007,7.324990046296296,0.5871109715738559,34.31623225714286,24784.046078854306,37.68914488252392
/home/pankaj/Documents/HVAC/ThermoFOAM-DC-v01-publication/cases/parameterstudy/C03,8000,105000,105,0.1,323.3501,311.578176929,317.9484,315,30.524,0.290704761905,317.9343,305.722867566,316.3173,305,1.115,0.527935606061,2112,315.952444,314.89564246,1.007592624,p_rgh,0.621656052778,0,0.621656052778,C03,warmerSupplyAir,/home/pankaj/Documents/HVAC/ThermoFOAM-DC-v01-publication/cases/parameterstudy/C03_warmerSupplyAir,8000.0,0.75,295.0,18000.0,1.08,10.72286756599999,21.31729999999999,22.934300000000007,16.578176928999994,22.948399999999992,28.350099999999998,19.895642459999976,6.704386666666679,0.6263760534440674,34.54603282285714,24176.32332647925,34.31290736932917
/home/pankaj/Documents/HVAC/ThermoFOAM-DC-v01-publication/cases/parameterstudy/C04,4000,105000,105,0.1,333.8298,317.896915733,327.4716,315,73.52,0.700190476189,329.8682,310.817225852,327.0793,305,1.347,0.637784090909,2112,326.191320667,325.949061904,1.0300006764,p_rgh,0.947250567361,0,0.947250567361,C04,highRackLoad,/home/pankaj/Documents/HVAC/ThermoFOAM-DC-v01-publication/cases/parameterstudy/C04_highRackLoad,4000.0,0.75,291.0,30000.0,1.08,19.81722585199998,36.07929999999999,38.8682,26.896915733000014,36.471600000000024,42.82979999999998,34.94906190400002,4.629567000000002,0.9756687251021138,35.31430890514286,43413.054225202584,44.710180750675285
/home/pankaj/Documents/HVAC/ThermoFOAM-DC-v01-publication/cases/parameterstudy/C04,5000,105000,105,0.1,332.6686,317.542209997,328.1908,315,70.084,0.667466666666,329.5879,310.90701804,325.1403,305,1.391,0.658617424242,2112,326.088269333,325.417292039,1.03696240784,p_rgh,0.892158939583,0,0.892158939583,C04,highRackLoad,/home/pankaj/Documents/HVAC/ThermoFOAM-DC-v01-publication/cases/parameterstudy/C04_highRackLoad,5000.0,0.75,291.0,30000.0,1.08,19.907018040000025,34.140300000000025,38.58789999999999,26.542209996999986,37.190800000000024,41.668600000000026,34.41729203900002,3.9849622370370494,0.9251352821659686,35.55299684022857,43041.46225705727,43.47154085685756
/home/pankaj/Documents/HVAC/ThermoFOAM-DC-v01-publication/cases/parameterstudy/C04,6000,105000,105,0.1,336.0611,319.232619644,329.3308,315,76.753,0.73098095238,334.0181,315.558230303,330.1436,305,1.552,0.734848484848,2112,325.137773,323.879847179,1.04598930065,p_rgh,0.734168488194,0,0.734168488194,C04,highRackLoad,/home/pankaj/Documents/HVAC/ThermoFOAM-DC-v01-publication/cases/parameterstudy/C04_highRackLoad,6000.0,0.75,291.0,30000.0,1.08,24.558230303000016,39.14359999999999,43.018100000000004,28.23261964400001,38.33080000000001,45.06110000000001,32.87984717900002,3.149138828703704,0.7679323835253099,35.862490308,41476.71383762678,38.25571279208928
/home/pankaj/Documents/HVAC/ThermoFOAM-DC-v01-publication/cases/parameterstudy/C04,7000,105000,105,0.1,334.1477,318.005589784,329.0537,315,70.738,0.673695238094,332.5809,314.76951553,330.5527,305,1.507,0.713541666667,2112,323.023877,321.761932184,1.0433609004,p_rgh,0.773940160417,0,0.773940160417,C04,highRackLoad,/home/pankaj/Documents/HVAC/ThermoFOAM-DC-v01-publication/cases/parameterstudy/C04_highRackLoad,7000.0,0.75,291.0,30000.0,1.08,23.76951552999998,39.552700000000016,41.580899999999986,27.005589783999994,38.05369999999999,43.147699999999986,30.76193218399999,3.3925092222222326,0.8074989026284015,35.772373728,38707.531497419615,29.025104991398717
/home/pankaj/Documents/HVAC/ThermoFOAM-DC-v01-publication/cases/parameterstudy/C04,8000,105000,105,0.1,338.5703,319.113060113,330.2489,315,73.079,0.695990476189,335.2823,315.357012595,331.9208,305,1.479,0.700284090909,2112,322.308082,320.604218897,1.04447164806,p_rgh,0.790452983333,0,0.790452983333,C04,highRackLoad,/home/pankaj/Documents/HVAC/ThermoFOAM-DC-v01-publication/cases/parameterstudy/C04_highRackLoad,8000.0,0.75,291.0,30000.0,1.08,24.357012595000015,40.920799999999986,44.28230000000002,28.113060113000017,39.24889999999999,47.570299999999975,29.60421889700001,3.28966221666667,0.8256057302157622,35.81045650491429,37290.44536485959,24.30148454953196
/home/pankaj/Documents/HVAC/ThermoFOAM-DC-v01-publication/cases/parameterstudy/C06,4000,105000,105,0.1,348.9449,332.333012172,343.7489,315,99.6170000001,0.948733333333,346.7835,329.243491004,342.7555,305,1.814,0.858901515152,2112,336.079600333,334.887454272,0.73000067123,p_rgh,0.755767747222,0,0.755767747222,C06,worstCase_lowFlow_highLoad,/home/pankaj/Documents/HVAC/ThermoFOAM-DC-v01-publication/cases/parameterstudy/C06_worstCase_lowFlow_highLoad,4000.0,0.5,291.0,30000.0,0.7200000000000001,38.24349100400002,51.755499999999984,55.783500000000004,41.333012172,52.74889999999999,57.94490000000002,43.887454272000014,1.388982115277767,0.551710962766045,25.02859444217143,38637.672519025946,28.792241730086484
/home/pankaj/Documents/HVAC/ThermoFOAM-DC-v01-publication/cases/parameterstudy/C06,5000,105000,105,0.1,349.4088,332.291285443,341.6774,315,98.5730000001,0.93879047619,346.0494,327.684337547,343.345,305,1.825,0.864109848485,2112,338.546251,338.119218752,0.72183260058,p_rgh,0.988551053472,0,0.988551053472,C06,worstCase_lowFlow_highLoad,/home/pankaj/Documents/HVAC/ThermoFOAM-DC-v01-publication/cases/parameterstudy/C06_worstCase_lowFlow_highLoad,5000.0,0.5,291.0,30000.0,0.7200000000000001,36.684337546999984,52.34500000000003,55.04939999999999,41.29128544299999,50.67739999999998,58.408799999999985,47.119218751999995,0.25452785833331926,0.7135683777337923,24.748546305599998,41018.698980119196,36.728996600397316
/home/pankaj/Documents/HVAC/ThermoFOAM-DC-v01-publication/cases/parameterstudy/C06,6000,105000,105,0.1,345.3036,331.506204782,341.3924,315,97.0230000001,0.924028571428,343.9139,327.670456676,339.6992,305,1.845,0.873579545455,2112,337.768460333,337.776323832,0.70876593025,p_rgh,0.821336975694,0,0.821336975694,C06,worstCase_lowFlow_highLoad,/home/pankaj/Documents/HVAC/ThermoFOAM-DC-v01-publication/cases/parameterstudy/C06_worstCase_lowFlow_highLoad,6000.0,0.5,291.0,30000.0,0.7200000000000001,36.670456676000015,48.69920000000002,52.91390000000001,40.506204782,50.39240000000001,54.30360000000002,46.776323832,1.560287465277788,0.5821356656264796,24.300546179999998,39983.078397402045,33.27692799134015
/home/pankaj/Documents/HVAC/ThermoFOAM-DC-v01-publication/cases/parameterstudy/C06,7000,105000,105,0.1,349.3262,331.883987756,341.561,315,98.7180000001,0.940171428571,346.2273,327.434061837,341.8683,305,1.789,0.847064393939,2112,340.286419,339.009287274,0.72606532024,p_rgh,0.933602314583,0,0.933602314583,C06,worstCase_lowFlow_highLoad,/home/pankaj/Documents/HVAC/ThermoFOAM-DC-v01-publication/cases/parameterstudy/C06_worstCase_lowFlow_highLoad,7000.0,0.5,291.0,30000.0,0.7200000000000001,36.434061837,50.86829999999998,55.227300000000014,40.88398775600001,50.56099999999998,58.32619999999997,48.00928727399997,0.8424055888888817,0.6778562635145111,24.893668122514285,42038.60151814368,40.1286717271456
/home/pankaj/Documents/HVAC/ThermoFOAM-DC-v01-publication/cases/parameterstudy/C06,8000,105000,105,0.1,350.1525,333.161878373,343.257,315,100.564,0.957752380952,347.6725,329.286361174,345.4881,305,1.841,0.871685606061,2112,335.020586333,332.033152503,0.70077437658,p_rgh,0.788096605556,0,0.788096605556,C06,worstCase_lowFlow_highLoad,/home/pankaj/Documents/HVAC/ThermoFOAM-DC-v01-publication/cases/parameterstudy/C06_worstCase_lowFlow_highLoad,8000.0,0.5,291.0,30000.0,0.7200000000000001,38.28636117399998,54.488099999999974,56.672500000000014,42.16187837299998,52.257000000000005,59.152499999999975,41.033152503,2.6702254750000156,0.5522779074433201,24.026550054171427,34678.508128468675,15.595027094895583
/home/pankaj/Documents/HVAC/ThermoFOAM-DC-v01-publication/cases/parameterstudy/C07,4000,105000,105,0.1,328.1562,311.893912562,320.9309,315,38.98,0.371238095238,325.5928,308.826723674,323.481,305,1.29,0.610795454545,2112,317.7692,317.528211271,1.3860339754,p_rgh,0.740424407639,0,0.740424407639,C07,mitigation_highFlow_highLoad,/home/pankaj/Documents/HVAC/ThermoFOAM-DC-v01-publication/cases/parameterstudy/C07_mitigation_highFlow_highLoad,4000.0,1.0,291.0,30000.0,1.4400000000000002,17.826723673999993,32.480999999999995,34.59280000000001,20.893912562000025,29.93090000000001,37.15620000000001,26.528211270999975,3.747640597222237,1.0262533852030733,47.521164870857135,44343.41656660339,47.81138855534463
/home/pankaj/Documents/HVAC/ThermoFOAM-DC-v01-publication/cases/parameterstudy/C07,5000,105000,105,0.1,330.252,311.332842653,320.6567,315,35.218,0.335409523809,327.5152,304.477468419,321.1128,305,0.912,0.431818181818,2112,317.913851667,317.690766124,1.3551520476,p_rgh,0.729984344444,0,0.729984344444,C07,mitigation_highFlow_highLoad,/home/pankaj/Documents/HVAC/ThermoFOAM-DC-v01-publication/cases/parameterstudy/C07_mitigation_highFlow_highLoad,5000.0,1.0,291.0,30000.0,1.4400000000000002,13.47746841899999,30.112799999999993,36.51519999999999,20.332842653,29.6567,39.25200000000001,26.690766123999992,5.892218916666672,0.9892397790892303,46.46235591771429,43621.075916131274,45.40358638710425
/home/pankaj/Documents/HVAC/ThermoFOAM-DC-v01-publication/cases/parameterstudy/C07,6000,105000,105,0.1,327.5226,311.544065065,320.3521,315,34.637,0.329876190476,323.1566,306.134211553,320.7981,305,1.088,0.515151515152,2112,316.791911,316.359843626,1.380739219,p_rgh,0.6537608875,0,0.6537608875,C07,mitigation_highFlow_highLoad,/home/pankaj/Documents/HVAC/ThermoFOAM-DC-v01-publication/cases/parameterstudy/C07_mitigation_highFlow_highLoad,6000.0,1.0,291.0,30000.0,1.4400000000000002,15.134211553,29.798099999999977,32.156600000000026,20.544065064999984,29.352100000000007,36.52260000000001,25.359843625999986,4.115332013888895,0.902673297219497,47.33963036571429,42228.48880264317,40.761629342143905
/home/pankaj/Documents/HVAC/ThermoFOAM-DC-v01-publication/cases/parameterstudy/C07,7000,105000,105,0.1,330.818,311.619794062,321.2981,315,39.115,0.372523809523,326.5759,305.944825426,321.9668,305,1.098,0.519886363636,2112,317.079803667,316.989091808,1.375881119,p_rgh,0.657017877083,0,0.657017877083,C07,mitigation_highFlow_highLoad,/home/pankaj/Documents/HVAC/ThermoFOAM-DC-v01-publication/cases/parameterstudy/C07_mitigation_highFlow_highLoad,7000.0,1.0,291.0,30000.0,1.4400000000000002,14.944825426000023,30.966799999999978,35.57589999999999,20.619794061999983,30.298099999999977,39.817999999999984,25.989091808000012,4.4527000694444565,0.9039784919239624,47.17306693714286,43124.028266613255,43.74676088871085
/home/pankaj/Documents/HVAC/ThermoFOAM-DC-v01-publication/cases/parameterstudy/C07,8000,105000,105,0.1,329.1521,312.17550157,322.1365,315,42.985,0.40938095238,323.9851,304.834092661,320.1558,305,1.003,0.47490530303,2112,315.589947667,315.259641463,1.391732822,p_rgh,0.584382404167,0,0.584382404167,C07,mitigation_highFlow_highLoad,/home/pankaj/Documents/HVAC/ThermoFOAM-DC-v01-publication/cases/parameterstudy/C07_mitigation_highFlow_highLoad,8000.0,1.0,291.0,30000.0,1.4400000000000002,13.834092661,29.1558,32.98509999999999,21.175501569999994,31.136500000000012,38.15210000000002,24.25964146299998,3.3518873611111197,0.8133041724784835,47.71655389714286,40718.104764455056,35.727015881516856
/home/pankaj/Documents/HVAC/ThermoFOAM-DC-v01-publication/cases/parameterstudy/C05,4000,105000,105,0.1,326.9485,312.082330595,318.8228,315,37.716,0.3592,320.1085,307.716903835,318.9965,305,1.375,0.651041666667,2112,316.237179,315.875865531,1.0455750357,p_rgh,0.679904217361,0,0.679904217361,C05,overloadedRack_L2,/home/pankaj/Documents/HVAC/ThermoFOAM-DC-v01-publication/cases/parameterstudy/C05_overloadedRack_L2,4000.0,0.75,291.0,23000.0,1.08,16.716903834999982,27.996500000000026,29.108499999999992,21.082330594999974,27.822799999999972,35.948500000000024,24.875865530999988,3.187496694444452,0.7108908763398082,35.84828693828571,31367.558292716316,36.38068822920137
/home/pankaj/Documents/HVAC/ThermoFOAM-DC-v01-publication/cases/parameterstudy/C05,5000,105000,105,0.1,329.0869,312.407052402,320.2917,315,46.23,0.440285714285,321.0389,306.879464678,318.2681,305,1.307,0.61884469697,2112,315.257116667,314.933630789,1.0502538457,p_rgh,0.696438585417,0,0.696438585417,C05,overloadedRack_L2,/home/pankaj/Documents/HVAC/ThermoFOAM-DC-v01-publication/cases/parameterstudy/C05_overloadedRack_L2,5000.0,0.75,291.0,23000.0,1.08,15.879464677999977,27.268100000000004,30.038900000000012,21.407052401999977,29.29169999999999,38.086900000000014,23.933630789000006,2.754273546296311,0.7314373026280722,36.00870328114286,30314.483659919682,31.802102869216007
/home/pankaj/Documents/HVAC/ThermoFOAM-DC-v01-publication/cases/parameterstudy/C05,6000,105000,105,0.1,323.3225,312.463722433,320.4194,315,47.452,0.451923809523,320.0469,305.132629167,317.9014,305,1.121,0.530776515152,2112,317.902256,316.219499417,1.017131053,p_rgh,0.745946342361,0,0.745946342361,C05,overloadedRack_L2,/home/pankaj/Documents/HVAC/ThermoFOAM-DC-v01-publication/cases/parameterstudy/C05_overloadedRack_L2,6000.0,0.75,291.0,23000.0,1.08,14.132629167000005,26.901400000000024,29.046899999999994,21.463722432999987,29.419399999999996,32.32249999999999,25.21949941700001,5.821198796296307,0.7587251886871423,34.873064674285715,30935.7524137642,34.50327136419217
/home/pankaj/Documents/HVAC/ThermoFOAM-DC-v01-publication/cases/parameterstudy/C05,7000,105000,105,0.1,327.4112,311.913310468,319.0433,315,35.101,0.334295238095,324.546,308.620154119,321.3459,305,1.428,0.676136363636,2112,314.094789333,314.481808846,1.0478105325,p_rgh,0.808505275,0,0.808505275,C05,overloadedRack_L2,/home/pankaj/Documents/HVAC/ThermoFOAM-DC-v01-publication/cases/parameterstudy/C05_overloadedRack_L2,7000.0,0.75,291.0,23000.0,1.08,17.620154119000006,30.345899999999972,33.54599999999999,20.91331046800002,28.043299999999988,36.41120000000001,23.48180884599998,2.980506250000006,0.847160342726809,35.92493254285714,29673.01087697448,29.01309076945426
/home/pankaj/Documents/HVAC/ThermoFOAM-DC-v01-publication/cases/parameterstudy/C05,8000,105000,105,0.1,328.8373,312.50679586,320.8916,315,46.682,0.44459047619,323.8857,309.845315814,322.2916,305,1.475,0.698390151515,2112,316.938143667,316.385395173,1.0360401671,p_rgh,0.678414691667,0,0.678414691667,C05,overloadedRack_L2,/home/pankaj/Documents/HVAC/ThermoFOAM-DC-v01-publication/cases/parameterstudy/C05_overloadedRack_L2,8000.0,0.75,291.0,23000.0,1.08,18.845315814000003,31.291600000000017,32.885699999999986,21.50679586000001,29.891599999999983,37.83730000000003,25.385395173000006,4.070354898148163,0.7028648705177736,35.521377157714284,31718.148602662954,37.904993924621536
/home/pankaj/Documents/HVAC/ThermoFOAM-DC-v01-publication/cases/parameterstudy/C08,4000,105000,105,0.1,342.0342,323.56609663,331.9213,315,93.0030000001,0.885742857142,335.2257,318.5855509,331.6799,305,1.706,0.807765151515,2112,329.501792,327.648303412,0.67639612259,p_rgh,0.654348597917,0,0.654348597917,C08,overloadedRack_L2_lowFlow,/home/pankaj/Documents/HVAC/ThermoFOAM-DC-v01-publication/cases/parameterstudy/C08_overloadedRack_L2_lowFlow,4000.0,0.5,291.0,23000.0,0.7200000000000001,27.585550899999987,40.679899999999975,44.22570000000002,32.566096630000004,40.921299999999974,51.0342,36.64830341200002,6.056094084722228,0.44259885445326175,23.19072420308572,29895.25701481869,29.97937832529865
/home/pankaj/Documents/HVAC/ThermoFOAM-DC-v01-publication/cases/parameterstudy/C08,5000,105000,105,0.1,337.743,323.363452665,332.0785,315,95.9160000001,0.913485714285,332.9562,317.30984929,330.5991,305,1.763,0.834753787879,2112,327.646621333,327.432031128,0.69827655446,p_rgh,0.837437619444,0,0.837437619444,C08,overloadedRack_L2_lowFlow,/home/pankaj/Documents/HVAC/ThermoFOAM-DC-v01-publication/cases/parameterstudy/C08_overloadedRack_L2_lowFlow,5000.0,0.5,291.0,23000.0,0.7200000000000001,26.30984928999999,39.59910000000002,41.956200000000024,32.36345266500001,41.07850000000002,46.742999999999995,36.432031128000006,3.0171452138888957,0.584763055480541,23.940910438628574,30680.19760065541,33.39216348111048
/home/pankaj/Documents/HVAC/ThermoFOAM-DC-v01-publication/cases/parameterstudy/C08,6000,105000,105,0.1,337.9677,322.692269705,331.3288,315,90.8520000001,0.865257142857,333.6113,317.923325426,329.834,305,1.759,0.832859848485,2112,327.415563,327.214854707,0.70705876324,p_rgh,0.819532209028,0,0.819532209028,C08,overloadedRack_L2_lowFlow,/home/pankaj/Documents/HVAC/ThermoFOAM-DC-v01-publication/cases/parameterstudy/C08_overloadedRack_L2_lowFlow,6000.0,0.5,291.0,23000.0,0.7200000000000001,26.92332542600002,38.834,42.61130000000003,31.692269705,40.3288,46.96769999999998,36.21485470699997,1.7973939944444484,0.5794574301506829,24.242014739657147,30880.87263833752,34.26466364494574
/home/pankaj/Documents/HVAC/ThermoFOAM-DC-v01-publication/cases/parameterstudy/C08,7000,105000,105,0.1,342.0836,322.390324286,334.318,315,84.713,0.80679047619,332.9228,315.839434612,330.561,305,1.648,0.780303030303,2112,325.737265333,325.731334552,0.710398959043,p_rgh,0.973262714583,0,0.973262714583,C08,overloadedRack_L2_lowFlow,/home/pankaj/Documents/HVAC/ThermoFOAM-DC-v01-publication/cases/parameterstudy/C08_overloadedRack_L2_lowFlow,7000.0,0.5,291.0,23000.0,0.7200000000000001,24.83943461199999,39.56099999999998,41.922799999999995,31.39032428600001,43.317999999999984,51.08359999999999,34.73133455200002,1.3334779106944576,0.6914048193151275,24.356535738617143,29755.763317769484,29.372883990302103
/home/pankaj/Documents/HVAC/ThermoFOAM-DC-v01-publication/cases/parameterstudy/C08,8000,105000,105,0.1,341.0532,323.062590771,332.7773,315,88.0610000001,0.838676190476,335.1122,316.043517282,329.8453,305,1.685,0.797821969697,2112,327.376514667,327.272454508,0.683473935162,p_rgh,0.676613128472,0,0.676613128472,C08,overloadedRack_L2_lowFlow,/home/pankaj/Documents/HVAC/ThermoFOAM-DC-v01-publication/cases/parameterstudy/C08_overloadedRack_L2_lowFlow,8000.0,0.5,291.0,23000.0,0.7200000000000001,25.043517281999982,38.84530000000001,44.11219999999997,32.062590770999975,41.777300000000025,50.053200000000004,36.27245450800001,5.073064560833352,0.4624474374990296,23.43339206269714,29898.280328004275,29.99252316523598
/home/pankaj/Documents/HVAC/ThermoFOAM-DC-v01-publication/cases/parameterstudy/C09,4000,105000,105,0.1,323.0889,307.436193261,316.3786,315,10.461,0.0996285714284,315.1581,298.498055114,312.3584,305,0.361,0.170928030303,2112,305.411388333,305.346117958,1.372027555,p_rgh,0.557400845139,0,0.557400845139,C09,overloadedRack_L2_highFlow,/home/pankaj/Documents/HVAC/ThermoFOAM-DC-v01-publication/cases/parameterstudy/C09_overloadedRack_L2_highFlow,4000.0,1.0,291.0,23000.0,1.4400000000000002,7.49805511400001,21.358400000000017,24.15809999999999,16.436193261000028,25.378600000000006,32.088900000000024,14.34611795799998,4.720308680555562,0.7647693187109958,47.04094474285715,23738.022589661505,3.208793868093499
/home/pankaj/Documents/HVAC/ThermoFOAM-DC-v01-publication/cases/parameterstudy/C09,5000,105000,105,0.1,327.0351,306.708856848,315.2975,315,5.925,0.0564285714285,317.2041,300.465777888,314.7684,305,0.587,0.277935606061,2112,306.261645,305.564694205,1.3812269165,p_rgh,0.591401345139,0,0.591401345139,C09,overloadedRack_L2_highFlow,/home/pankaj/Documents/HVAC/ThermoFOAM-DC-v01-publication/cases/parameterstudy/C09_overloadedRack_L2_highFlow,5000.0,1.0,291.0,23000.0,1.4400000000000002,9.465777887999991,23.768399999999986,26.204099999999983,15.708856847999982,24.297500000000014,36.0351,14.564694205000023,4.0814641319444585,0.8168594563602932,47.356351422857145,24261.280085844344,5.483826460192801
/home/pankaj/Documents/HVAC/ThermoFOAM-DC-v01-publication/cases/parameterstudy/C09,6000,105000,105,0.1,323.9204,306.323719882,313.4867,315,2.49,0.0237142857143,314.7608,300.369559564,312.4723,305,0.739,0.34990530303,2112,309.407715333,308.969875672,1.3669020194,p_rgh,0.622812288889,0,0.622812288889,C09,overloadedRack_L2_highFlow,/home/pankaj/Documents/HVAC/ThermoFOAM-DC-v01-publication/cases/parameterstudy/C09_overloadedRack_L2_highFlow,6000.0,1.0,291.0,23000.0,1.4400000000000002,9.369559563999985,21.47230000000002,23.760800000000017,15.323719881999978,22.486699999999985,32.92039999999997,17.969875672,5.076248652777797,0.8513233753895102,46.86521209371428,29623.04956937502,28.79586769293487
/home/pankaj/Documents/HVAC/ThermoFOAM-DC-v01-publication/cases/parameterstudy/C09,7000,105000,105,0.1,322.8083,306.855542641,314.3086,315,4.17,0.0397142857142,314.9303,299.438486269,312.8109,305,0.551,0.260890151515,2112,307.623602333,307.342564525,1.383355092,p_rgh,0.639035296528,0,0.639035296528,C09,overloadedRack_L2_highFlow,/home/pankaj/Documents/HVAC/ThermoFOAM-DC-v01-publication/cases/parameterstudy/C09_overloadedRack_L2_highFlow,7000.0,1.0,291.0,23000.0,1.4400000000000002,8.438486269000009,21.810900000000004,23.93029999999999,15.855542641,23.308600000000013,31.808299999999974,16.342564525,3.9336741666666812,0.8840127314197386,47.42931743999999,27264.729241508758,18.542301050038077
/home/pankaj/Documents/HVAC/ThermoFOAM-DC-v01-publication/cases/parameterstudy/C09,8000,105000,105,0.1,323.675,306.75126684,314.5088,315,4.596,0.0437714285714,316.8873,300.508255019,313.1202,305,0.633,0.299715909091,2112,305.67939,305.734589347,1.377649793,p_rgh,0.57255051875,0,0.57255051875,C09,overloadedRack_L2_highFlow,/home/pankaj/Documents/HVAC/ThermoFOAM-DC-v01-publication/cases/parameterstudy/C09_overloadedRack_L2_highFlow,8000.0,1.0,291.0,23000.0,1.4400000000000002,9.50825501899999,22.12020000000001,25.887299999999982,15.751266840000028,23.508800000000008,32.67500000000001,14.734589346999996,4.3298754861111215,0.7887741036379801,47.23370718857143,24480.719380384468,6.4379103494976855
