caseID,caseName,caseDir,rackID,rackPowerW,TavgRackInlet_mean,TavgRackInlet_std,TavgRackInlet_min,TavgRackInlet_max,TavgRackInlet_final8000,T95RackInlet_mean,T95RackInlet_std,T95RackInlet_min,T95RackInlet_max,T95RackInlet_final8000,TmaxRackInlet_mean,TmaxRackInlet_std,TmaxRackInlet_min,TmaxRackInlet_max,TmaxRackInlet_final8000,rackInletHotspotFraction_mean,rackInletHotspotFraction_std,rackInletHotspotFraction_min,rackInletHotspotFraction_max,rackInletHotspotFraction_final8000,rackInletHotspotVolume_mean,rackInletHotspotVolume_std,rackInletHotspotVolume_min,rackInletHotspotVolume_max,rackInletHotspotVolume_final8000,nRackInletCells_mean,nRackInletCells_std,nRackInletCells_min,nRackInletCells_max,nRackInletCells_final8000,nLateSamples,lateTimeMin,lateTimeMax
C00,baseline,/home/pankaj/Documents/HVAC/ThermoFOAM-DC-v01-publication/cases/parameterstudy/C00_baseline,L1,3000.0,305.11070732959996,1.1951863894530588,303.999302841,306.919636932,306.919636932,313.83116,1.6429556333023634,311.1761,315.6334,314.4891,314.42107999999996,1.7336153774698642,311.6132,316.3676,314.8763,0.5818181818182,0.046913723674351857,0.53125,0.644886363636,0.644886363636,0.2048,0.016513630733427462,0.187,0.227,0.227,352.0,0.0,352,352,352,5,4000.0,8000.0
C00,baseline,/home/pankaj/Documents/HVAC/ThermoFOAM-DC-v01-publication/cases/parameterstudy/C00_baseline,L2,3000.0,303.162554375,4.979423758635924,296.249014489,309.582446023,305.793634943,311.86446,4.195507427951954,304.4582,314.7372,313.8504,312.83597999999995,3.7276783380544125,306.3185,315.8079,314.2141,0.47897727272716006,0.3311127990459887,0.0369318181818,0.957386363636,0.5625,0.1686,0.11655170526423027,0.013,0.337,0.198,352.0,0.0,352,352,352,5,4000.0,8000.0
C00,baseline,/home/pankaj/Documents/HVAC/ThermoFOAM-DC-v01-publication/cases/parameterstudy/C00_baseline,L3,3000.0,302.6226625568,1.5038123552383513,301.589327557,305.141709659,305.141709659,311.06501999999995,1.3910796767259426,309.3362,312.8101,312.8101,311.87968,1.381971241379491,310.0502,313.4815,313.4815,0.5005681818182,0.09796812287239916,0.403409090909,0.642045454545,0.642045454545,0.1762,0.0344847792511421,0.142,0.226,0.226,352.0,0.0,352,352,352,5,4000.0,8000.0
C00,baseline,/home/pankaj/Documents/HVAC/ThermoFOAM-DC-v01-publication/cases/parameterstudy/C00_baseline,R1,3000.0,301.82773653419997,0.8324196522099384,300.789668466,302.898477273,301.290369886,310.96837999999997,1.36571730859647,309.5025,313.054,310.0164,311.39477999999997,1.353343669213403,310.0433,313.4376,310.2999,0.48409090909099994,0.03267662985107157,0.443181818182,0.528409090909,0.46875,0.17040000000000002,0.011502173707608485,0.156,0.186,0.165,352.0,0.0,352,352,352,5,4000.0,8000.0
C00,baseline,/home/pankaj/Documents/HVAC/ThermoFOAM-DC-v01-publication/cases/parameterstudy/C00_baseline,R2,3000.0,301.09418988639993,3.49168054435091,296.934686648,304.523745455,304.523745455,312.73812000000004,3.5437942522104673,307.689,316.7645,315.4101,313.71294,3.1766602230959378,309.5289,317.3276,316.4301,0.36988636363640004,0.17702078177377908,0.142045454545,0.553977272727,0.553977272727,0.1302,0.06231131518432267,0.05,0.195,0.195,352.0,0.0,352,352,352,5,4000.0,8000.0
C00,baseline,/home/pankaj/Documents/HVAC/ThermoFOAM-DC-v01-publication/cases/parameterstudy/C00_baseline,R3,3000.0,302.3489423296,1.8806769774815557,300.657761648,305.183303977,303.274926136,311.49554,2.0085119997151977,309.793,314.7852,310.3403,312.30927999999994,2.0183912274383276,310.9085,315.6425,310.9085,0.4710227272728,0.11001693262786351,0.349431818182,0.622159090909,0.622159090909,0.1658,0.03872596028505943,0.123,0.219,0.219,352.0,0.0,352,352,352,5,4000.0,8000.0
C01,lowSupplyVelocity,/home/pankaj/Documents/HVAC/ThermoFOAM-DC-v01-publication/cases/parameterstudy/C01_lowSupplyVelocity,L1,3000.0,311.6871992044,1.8418448405195573,308.654430398,313.165257102,312.09143267,320.71994,2.0428562291556447,319.1179,324.091,321.1325,321.37268,2.028367797516031,319.7141,324.6499,321.9211,0.7522727272725999,0.05091492458475236,0.678977272727,0.821022727273,0.767045454545,0.26480000000000004,0.01792205345377588,0.239,0.289,0.27,352.0,0.0,352,352,352,5,4000.0,8000.0
C01,lowSupplyVelocity,/home/pankaj/Documents/HVAC/ThermoFOAM-DC-v01-publication/cases/parameterstudy/C01_lowSupplyVelocity,L2,3000.0,308.8791655682,1.3609864988840699,307.435289205,310.784546591,309.70732017,319.29254000000003,1.6376533922048266,317.7712,322.0143,317.7712,320.09638000000007,1.5741601259084186,318.4652,322.7088,318.4652,0.6948863636364,0.07313892729534913,0.605113636364,0.772727272727,0.744318181818,0.24459999999999998,0.025744902408049646,0.213,0.272,0.262,352.0,0.0,352,352,352,5,4000.0,8000.0
C01,lowSupplyVelocity,/home/pankaj/Documents/HVAC/ThermoFOAM-DC-v01-publication/cases/parameterstudy/C01_lowSupplyVelocity,L3,3000.0,313.13692818159996,5.311876198134886,308.089023295,321.709607386,314.02292017,320.05708,3.6804881513190666,316.6201,325.2156,322.4917,320.9258,3.3070348833963057,318.0532,325.5859,323.0717,0.8306818181818001,0.09259359097058527,0.721590909091,0.965909090909,0.778409090909,0.2924,0.03259294402167439,0.254,0.34,0.274,352.0,0.0,352,352,352,5,4000.0,8000.0
C01,lowSupplyVelocity,/home/pankaj/Documents/HVAC/ThermoFOAM-DC-v01-publication/cases/parameterstudy/C01_lowSupplyVelocity,R1,3000.0,311.3641267045999,3.58286520855907,308.772456534,317.089797727,308.77395483,318.45064,1.4476659120805524,316.4855,320.4836,317.9589,319.00302,1.3289443355535926,317.1898,320.8391,318.4873,0.8062499999999998,0.11988165113525033,0.701704545455,1.0,0.701704545455,0.2838,0.04219834119962536,0.247,0.352,0.247,352.0,0.0,352,352,352,5,4000.0,8000.0
C01,lowSupplyVelocity,/home/pankaj/Documents/HVAC/ThermoFOAM-DC-v01-publication/cases/parameterstudy/C01_lowSupplyVelocity,R2,3000.0,310.969814659,1.694855433834274,308.278334659,312.30718267,310.355317614,318.69412,2.2563542523282876,316.6356,322.2743,318.8151,319.20072,2.3487491313463065,317.086,322.9311,319.5303,0.7829545454548,0.04743552605610834,0.730113636364,0.84375,0.758522727273,0.2756,0.016697305171793426,0.257,0.297,0.267,352.0,0.0,352,352,352,5,4000.0,8000.0
C01,lowSupplyVelocity,/home/pankaj/Documents/HVAC/ThermoFOAM-DC-v01-publication/cases/parameterstudy/C01_lowSupplyVelocity,R3,3000.0,312.0354843182,3.1927499052383475,306.676295455,314.348035795,314.348035795,319.50416,2.164083409436884,316.2167,322.2467,322.2467,320.4741,2.121768646671918,317.43,323.113,323.113,0.809659090909,0.08520359519595472,0.673295454545,0.900568181818,0.829545454545,0.28500000000000003,0.029991665508937646,0.237,0.317,0.292,352.0,0.0,352,352,352,5,4000.0,8000.0
C02,highSupplyVelocity,/home/pankaj/Documents/HVAC/ThermoFOAM-DC-v01-publication/cases/parameterstudy/C02_highSupplyVelocity,L1,3000.0,296.5811615908,3.2890600500607126,293.461374432,301.222960227,295.904119318,303.7653,4.352291910591478,298.7901,309.1902,301.1938,306.08216,3.5338286253014592,302.4348,310.4928,302.6207,0.12329545454549999,0.1700349950308305,0.0,0.372159090909,0.0,0.04340000000000001,0.059852318250841384,0.0,0.131,0.0,352.0,0.0,352,352,352,5,4000.0,8000.0
C02,highSupplyVelocity,/home/pankaj/Documents/HVAC/ThermoFOAM-DC-v01-publication/cases/parameterstudy/C02_highSupplyVelocity,L2,3000.0,297.9320073296,1.5149413430740135,295.828813636,299.804715057,298.49536733,304.74582,1.9739182434944038,302.724,307.3161,306.1318,306.93006,3.0651322227597286,303.4996,311.4369,306.6704,0.07045454545443999,0.08643556364829859,0.0,0.181818181818,0.181818181818,0.0248,0.030425318404250102,0.0,0.064,0.064,352.0,0.0,352,352,352,5,4000.0,8000.0
C02,highSupplyVelocity,/home/pankaj/Documents/HVAC/ThermoFOAM-DC-v01-publication/cases/parameterstudy/C02_highSupplyVelocity,L3,3000.0,297.7713146024,1.012431480277904,296.342317614,299.132114205,297.984610227,306.45004,1.4974027157047667,304.6638,308.0785,305.1068,308.19586,2.3641901854546306,305.4706,311.9219,305.4706,0.13977272727246,0.10008712630109876,0.0454545454545,0.301136363636,0.0681818181818,0.049199999999999994,0.03523066845803525,0.016,0.106,0.024,352.0,0.0,352,352,352,5,4000.0,8000.0
C02,highSupplyVelocity,/home/pankaj/Documents/HVAC/ThermoFOAM-DC-v01-publication/cases/parameterstudy/C02_highSupplyVelocity,R1,3000.0,296.5530043748,0.887923251791525,295.393729545,297.512200284,296.128960795,305.55656,1.7914206744927188,302.9273,307.7911,307.7911,306.6753,1.3606058687217302,304.805,308.6394,308.6394,0.10909090909088,0.09449172834279465,0.0,0.25,0.133522727273,0.038400000000000004,0.03326108837666019,0.0,0.088,0.047,352.0,0.0,352,352,352,5,4000.0,8000.0
C02,highSupplyVelocity,/home/pankaj/Documents/HVAC/ThermoFOAM-DC-v01-publication/cases/parameterstudy/C02_highSupplyVelocity,R2,3000.0,297.791530625,1.8799279730801322,296.126761364,300.701609659,297.804727841,307.04605999999995,3.696604052775998,303.2336,311.5011,309.2351,308.10062,3.7607398117923547,304.0666,313.0918,310.0845,0.1829545454544,0.16838947944318086,0.0,0.338068181818,0.278409090909,0.06439999999999999,0.05927309676404634,0.0,0.119,0.098,352.0,0.0,352,352,352,5,4000.0,8000.0
C02,highSupplyVelocity,/home/pankaj/Documents/HVAC/ThermoFOAM-DC-v01-publication/cases/parameterstudy/C02_highSupplyVelocity,R3,3000.0,297.4305114206,2.3887168228160784,294.391255114,299.621761364,298.11648892,305.77724,4.016917459072306,300.4947,309.1312,308.5336,308.05084,2.559866981505089,304.7944,310.2676,310.2676,0.18465909090896399,0.17524057401453813,0.0,0.366477272727,0.215909090909,0.065,0.06168468205316454,0.0,0.129,0.076,352.0,0.0,352,352,352,5,4000.0,8000.0
C03,warmerSupplyAir,/home/pankaj/Documents/HVAC/ThermoFOAM-DC-v01-publication/cases/parameterstudy/C03_warmerSupplyAir,L1,3000.0,306.6614982954,2.373414267649988,302.880954545,308.507762784,307.577282955,315.95380000000006,1.981947267209693,312.4666,317.3403,316.3313,317.04637999999994,1.2559425273474807,314.8387,317.9839,317.5411,0.5676136363636001,0.12041902885481376,0.377840909091,0.659090909091,0.622159090909,0.1998,0.04238749815688584,0.133,0.232,0.219,352.0,0.0,352,352,352,5,4000.0,8000.0
C03,warmerSupplyAir,/home/pankaj/Documents/HVAC/ThermoFOAM-DC-v01-publication/cases/parameterstudy/C03_warmerSupplyAir,L2,3000.0,308.69845840880004,2.0457411088469457,306.65895142,311.22921392,307.276241193,317.78112,1.4661497849810603,316.3747,319.4211,316.9965,318.51874,1.3808370334691786,316.7228,319.9555,317.9343,0.6357954545455999,0.06120824179519063,0.588068181818,0.727272727273,0.588068181818,0.2238,0.021545301111843395,0.207,0.256,0.207,352.0,0.0,352,352,352,5,4000.0,8000.0
C03,warmerSupplyAir,/home/pankaj/Documents/HVAC/ThermoFOAM-DC-v01-publication/cases/parameterstudy/C03_warmerSupplyAir,L3,3000.0,304.2922466478,2.776804031235881,300.889082955,307.412211932,300.889082955,313.62636000000003,4.2116631290975794,308.6918,318.8831,310.5976,314.90369999999996,4.1861949572374115,310.0149,319.9351,312.0341,0.44715909090899997,0.12497739981639995,0.301136363636,0.556818181818,0.301136363636,0.1574,0.04399204473538369,0.106,0.196,0.106,352.0,0.0,352,352,352,5,4000.0,8000.0
C03,warmerSupplyAir,/home/pankaj/Documents/HVAC/ThermoFOAM-DC-v01-publication/cases/parameterstudy/C03_warmerSupplyAir,R1,3000.0,308.92695579580004,2.8990809210111848,305.852401705,312.061727557,307.366445455,318.22038,2.1269077018056057,316.4702,321.5544,316.4702,318.73446,2.080519801155479,316.9326,322.0093,316.9326,0.6198863636363999,0.09484978200641579,0.508522727273,0.741477272727,0.596590909091,0.2182,0.03338712326631332,0.179,0.261,0.21,352.0,0.0,352,352,352,5,4000.0,8000.0
C03,warmerSupplyAir,/home/pankaj/Documents/HVAC/ThermoFOAM-DC-v01-publication/cases/parameterstudy/C03_warmerSupplyAir,R2,3000.0,308.9028505114,1.361006326970364,306.893330682,310.02588892,306.893330682,317.051,1.160975064331709,315.89,318.8922,316.6314,317.67286,1.0721897980301835,316.2581,319.2685,317.46,0.6545454545453999,0.06754556351714412,0.585227272727,0.724431818182,0.585227272727,0.2304,0.02377603835797714,0.206,0.255,0.206,352.0,0.0,352,352,352,5,4000.0,8000.0
C03,warmerSupplyAir,/home/pankaj/Documents/HVAC/ThermoFOAM-DC-v01-publication/cases/parameterstudy/C03_warmerSupplyAir,R3,3000.0,305.90423068179996,2.594708392392229,302.691925284,309.53277017,304.334822159,314.726,1.32650081040307,313.6853,316.507,313.6853,315.88692000000003,1.195957339122099,314.4074,316.8752,314.4074,0.5511363636366,0.13569616472800158,0.357954545455,0.698863636364,0.474431818182,0.194,0.047765049984271966,0.126,0.246,0.167,352.0,0.0,352,352,352,5,4000.0,8000.0
C04,highRackLoad,/home/pankaj/Documents/HVAC/ThermoFOAM-DC-v01-publication/cases/parameterstudy/C04_highRackLoad,L1,5000.0,310.483145909,4.760925352924561,302.939412216,314.35328892,313.794859659,321.92659999999995,4.898943077338213,315.4729,326.5156,324.9742,323.61546000000004,4.356206395821933,318.5767,328.7027,325.8816,0.6619318181818,0.11328069339426321,0.463068181818,0.735795454545,0.730113636364,0.233,0.03987480407475377,0.163,0.259,0.257,352.0,0.0,352,352,352,5,4000.0,8000.0
C04,highRackLoad,/home/pankaj/Documents/HVAC/ThermoFOAM-DC-v01-publication/cases/parameterstudy/C04_highRackLoad,L2,5000.0,313.1651537501999,2.1828538951433853,310.904036364,316.489792614,313.124952557,325.19514,4.358566578933958,319.3001,331.1376,331.1376,326.23262000000005,4.340533751395102,320.8819,332.5693,332.5693,0.693181818182,0.07059530477136386,0.607954545455,0.767045454545,0.607954545455,0.244,0.024849547279578364,0.214,0.27,0.214,352.0,0.0,352,352,352,5,4000.0,8000.0
C04,highRackLoad,/home/pankaj/Documents/HVAC/ThermoFOAM-DC-v01-publication/cases/parameterstudy/C04_highRackLoad,L3,5000.0,313.5552560228,4.909989488740837,309.036625284,319.556209659,319.556209659,329.84178,3.949872397559187,324.3899,334.476,334.476,331.32834,3.552001667792415,326.3719,335.2823,335.2823,0.6534090909092,0.06282200110082749,0.59375,0.730113636364,0.707386363636,0.22999999999999998,0.022113344387495987,0.209,0.257,0.249,352.0,0.0,352,352,352,5,4000.0,8000.0
C04,highRackLoad,/home/pankaj/Documents/HVAC/ThermoFOAM-DC-v01-publication/cases/parameterstudy/C04_highRackLoad,R1,5000.0,314.7129564774,4.329795086237882,308.862482955,320.975857102,313.983740625,328.65276000000006,3.162278778507677,323.6466,332.104,328.0767,329.78232,2.6725081098099546,325.4995,332.5809,329.642,0.6852272727274,0.06401192949587453,0.590909090909,0.758522727273,0.721590909091,0.2412,0.02253219918250325,0.208,0.267,0.254,352.0,0.0,352,352,352,5,4000.0,8000.0
C04,highRackLoad,/home/pankaj/Documents/HVAC/ThermoFOAM-DC-v01-publication/cases/parameterstudy/C04_highRackLoad,R2,5000.0,314.07662596579996,1.6459792909355224,312.555667045,315.982198011,312.555667045,325.20924,0.7750499970969522,324.1113,325.9035,325.5563,325.7335,0.961046635184792,324.4739,326.4972,326.4184,0.7113636363638001,0.048236929780329195,0.650568181818,0.755681818182,0.650568181818,0.25040000000000007,0.016979399282660155,0.229,0.266,0.229,352.0,0.0,352,352,352,5,4000.0,8000.0
C04,highRackLoad,/home/pankaj/Documents/HVAC/ThermoFOAM-DC-v01-publication/cases/parameterstudy/C04_highRackLoad,R3,5000.0,314.89766465900004,4.186802120064675,308.746847159,319.126646023,319.126646023,325.64098,2.931476286276235,322.8398,329.0311,329.0311,326.20586,2.660763075322575,323.8465,329.2728,329.2728,0.7289772727274,0.09464108199304301,0.576704545455,0.818181818182,0.784090909091,0.25660000000000005,0.03331366086157448,0.203,0.288,0.276,352.0,0.0,352,352,352,5,4000.0,8000.0
C06,worstCase_lowFlow_highLoad,/home/pankaj/Documents/HVAC/ThermoFOAM-DC-v01-publication/cases/parameterstudy/C06_worstCase_lowFlow_highLoad,L1,5000.0,325.87264034099996,2.7434437991328213,322.317645739,329.562564205,326.444002841,338.82416,1.9494816357175593,337.2117,341.4314,341.4314,340.25216,1.9731654512483352,338.4647,342.9605,342.9605,0.8517045454546001,0.054734520812819196,0.778409090909,0.920454545455,0.866477272727,0.29979999999999996,0.01926655132606767,0.274,0.324,0.305,352.0,0.0,352,352,352,5,4000.0,8000.0
C06,worstCase_lowFlow_highLoad,/home/pankaj/Documents/HVAC/ThermoFOAM-DC-v01-publication/cases/parameterstudy/C06_worstCase_lowFlow_highLoad,L2,5000.0,326.55630607940003,1.380887914824023,324.299294318,327.693851136,327.409861648,338.27825999999993,1.8661007939015615,335.8889,340.8605,340.8605,339.2102,2.100382275920278,336.5834,342.2764,342.2764,0.8528409090907999,0.01548230294714453,0.829545454545,0.866477272727,0.866477272727,0.30019999999999997,0.00544977063737549,0.292,0.305,0.305,352.0,0.0,352,352,352,5,4000.0,8000.0
C06,worstCase_lowFlow_highLoad,/home/pankaj/Documents/HVAC/ThermoFOAM-DC-v01-publication/cases/parameterstudy/C06_worstCase_lowFlow_highLoad,L3,5000.0,331.2932986364,3.6959823117240598,327.549109091,336.352822443,336.352822443,342.84481999999997,3.360315909553743,339.3914,347.0098,347.0098,343.93711999999994,2.9754087268810667,340.8929,347.6725,347.6725,0.865909090909,0.012119732390787464,0.849431818182,0.877840909091,0.877840909091,0.30479999999999996,0.004266145801540312,0.299,0.309,0.309,352.0,0.0,352,352,352,5,4000.0,8000.0
C06,worstCase_lowFlow_highLoad,/home/pankaj/Documents/HVAC/ThermoFOAM-DC-v01-publication/cases/parameterstudy/C06_worstCase_lowFlow_highLoad,R1,5000.0,328.11129602240004,6.700842771468671,319.64435142,335.557196875,324.245867045,337.7844,4.487862559170021,332.9029,343.2703,336.08,338.6968,4.186488741773951,335.1694,344.1171,336.4844,0.8988636363636001,0.040655781409088355,0.869318181818,0.965909090909,0.875,0.3164,0.014310835055998667,0.306,0.34,0.308,352.0,0.0,352,352,352,5,4000.0,8000.0
C06,worstCase_lowFlow_highLoad,/home/pankaj/Documents/HVAC/ThermoFOAM-DC-v01-publication/cases/parameterstudy/C06_worstCase_lowFlow_highLoad,R2,5000.0,326.8696992046,2.051991452664729,323.952660795,328.866212784,328.866212784,339.18708,1.2253361893782435,338.4425,341.3379,339.042,339.8691,1.401829811353718,339.0725,342.3682,339.3842,0.8477272727276001,0.025615486542845095,0.823863636364,0.886363636364,0.886363636364,0.2984,0.009016651263079888,0.29,0.312,0.312,352.0,0.0,352,352,352,5,4000.0,8000.0
C06,worstCase_lowFlow_highLoad,/home/pankaj/Documents/HVAC/ThermoFOAM-DC-v01-publication/cases/parameterstudy/C06_worstCase_lowFlow_highLoad,R3,5000.0,330.8792096024,1.3423096607542186,329.25180483,332.399400284,332.399400284,342.74026,2.6965924845997793,339.4145,345.4167,343.8725,343.93330000000003,2.845627253348559,340.7011,346.7835,344.8116,0.8613636363636001,0.020327890704795737,0.832386363636,0.889204545455,0.857954545455,0.3032,0.007155417527999334,0.293,0.313,0.302,352.0,0.0,352,352,352,5,4000.0,8000.0
C07,mitigation_highFlow_highLoad,/home/pankaj/Documents/HVAC/ThermoFOAM-DC-v01-publication/cases/parameterstudy/C07_mitigation_highFlow_highLoad,L1,5000.0,303.6380207384,3.928376692856081,299.103600568,309.367467045,304.336393466,316.90434,6.2073792467514,309.7511,323.0469,322.3484,318.05648,6.619179365827764,310.7505,324.3166,323.9851,0.43693181818180005,0.12339818196380452,0.275568181818,0.616477272727,0.414772727273,0.1538,0.043436160051275256,0.097,0.217,0.146,352.0,0.0,352,352,352,5,4000.0,8000.0
C07,mitigation_highFlow_highLoad,/home/pankaj/Documents/HVAC/ThermoFOAM-DC-v01-publication/cases/parameterstudy/C07_mitigation_highFlow_highLoad,L2,5000.0,307.4616439774,2.5965403928945556,304.399164205,311.4964125,306.924745739,319.5779,1.7301995448502596,317.6559,322.1947,317.6559,320.41794,1.7515320088425357,318.7573,323.0782,318.7573,0.5613636363637999,0.0946837111928143,0.420454545455,0.681818181818,0.590909090909,0.1976,0.03332866633995426,0.148,0.24,0.208,352.0,0.0,352,352,352,5,4000.0,8000.0
C07,mitigation_highFlow_highLoad,/home/pankaj/Documents/HVAC/ThermoFOAM-DC-v01-publication/cases/parameterstudy/C07_mitigation_highFlow_highLoad,L3,5000.0,303.98105806800004,1.021017920394784,302.174569318,304.590475852,302.174569318,317.8832,3.095630237124593,312.8506,320.3605,320.0735,319.77808,3.9532226312212746,313.4007,323.613,323.613,0.4818181818184001,0.0841935414842345,0.357954545455,0.59375,0.357954545455,0.1696,0.029636126602509978,0.126,0.209,0.126,352.0,0.0,352,352,352,5,4000.0,8000.0
C07,mitigation_highFlow_highLoad,/home/pankaj/Documents/HVAC/ThermoFOAM-DC-v01-publication/cases/parameterstudy/C07_mitigation_highFlow_highLoad,R1,5000.0,305.15211147739996,5.061293539801608,300.234314205,313.583888352,304.472177273,319.19356,4.066015519276823,313.5631,324.7035,320.727,320.59166,4.016607335550734,314.4494,325.5928,321.9238,0.4738636363636,0.14013487820980133,0.349431818182,0.713068181818,0.409090909091,0.1668,0.049327477129891814,0.123,0.251,0.144,352.0,0.0,352,352,352,5,4000.0,8000.0
C07,mitigation_highFlow_highLoad,/home/pankaj/Documents/HVAC/ThermoFOAM-DC-v01-publication/cases/parameterstudy/C07_mitigation_highFlow_highLoad,R2,5000.0,308.1377967614,2.1380737300825987,304.573871591,309.983158239,307.878074716,321.04805999999996,3.716667175440913,316.0153,324.8787,316.0153,321.91014,4.0932393312631925,316.6068,326.5759,316.6068,0.5676136363634,0.08426061652951858,0.431818181818,0.650568181818,0.650568181818,0.1998,0.02965973701838909,0.152,0.229,0.229,352.0,0.0,352,352,352,5,4000.0,8000.0
C07,mitigation_highFlow_highLoad,/home/pankaj/Documents/HVAC/ThermoFOAM-DC-v01-publication/cases/parameterstudy/C07_mitigation_highFlow_highLoad,R3,5000.0,307.8901550568,2.9520311210125585,303.218595455,310.903379261,303.218595455,321.32579999999996,3.949866539517499,314.9501,325.6277,314.9501,322.49876000000006,4.228554947378589,315.8883,327.5152,315.8883,0.5414772727272,0.08937808828409381,0.426136363636,0.653409090909,0.426136363636,0.1906,0.03146108707594193,0.15,0.23,0.15,352.0,0.0,352,352,352,5,4000.0,8000.0
C05,overloadedRack_L2,/home/pankaj/Documents/HVAC/ThermoFOAM-DC-v01-publication/cases/parameterstudy/C05_overloadedRack_L2,L1,3000.0,309.79340931819996,0.725512309295913,309.052374716,310.74849858,310.038665057,320.47906,2.5444905586384055,317.7327,323.6202,322.719,321.34302,2.750664590058192,318.128,324.546,323.8857,0.6545454545453999,0.024652151306849675,0.616477272727,0.681818181818,0.616477272727,0.2304,0.008677557259966651,0.217,0.24,0.217,352.0,0.0,352,352,352,5,4000.0,8000.0
C05,overloadedRack_L2,/home/pankaj/Documents/HVAC/ThermoFOAM-DC-v01-publication/cases/parameterstudy/C05_overloadedRack_L2,L2,8000.0,306.5933765342,2.139553928155865,303.758434943,309.179064773,309.179064773,319.1748,1.6442513068262947,317.6462,321.8241,318.6341,320.79695999999996,1.8932301875366468,319.1506,323.9621,319.9108,0.5744318181818,0.09280689540482973,0.46875,0.713068181818,0.713068181818,0.20220000000000002,0.03266802718255267,0.165,0.251,0.251,352.0,0.0,352,352,352,5,4000.0,8000.0
C05,overloadedRack_L2,/home/pankaj/Documents/HVAC/ThermoFOAM-DC-v01-publication/cases/parameterstudy/C05_overloadedRack_L2,L3,3000.0,309.3655139204001,4.488786631283288,301.570899148,312.040203125,312.040203125,315.81360000000006,2.5993688368525,311.8056,318.9967,316.4859,316.52878,2.059027128767362,313.7892,319.4702,316.8735,0.7471590909092,0.20473278984459256,0.414772727273,0.960227272727,0.855113636364,0.263,0.07206594202534232,0.146,0.338,0.301,352.0,0.0,352,352,352,5,4000.0,8000.0
C05,overloadedRack_L2,/home/pankaj/Documents/HVAC/ThermoFOAM-DC-v01-publication/cases/parameterstudy/C05_overloadedRack_L2,R1,3000.0,309.3490638068,4.614671295282048,304.275094034,315.271299148,315.271299148,318.53553999999997,3.8566817133385554,313.1785,323.4002,323.4002,319.14418,3.5441370680322164,314.4493,323.853,323.853,0.6636363636364,0.09803400594862381,0.53125,0.786931818182,0.786931818182,0.23359999999999997,0.03450797009387832,0.187,0.277,0.277,352.0,0.0,352,352,352,5,4000.0,8000.0
C05,overloadedRack_L2,/home/pankaj/Documents/HVAC/ThermoFOAM-DC-v01-publication/cases/parameterstudy/C05_overloadedRack_L2,R2,3000.0,305.44305125,1.8297990402749182,303.874485795,308.577474148,308.577474148,315.4725,2.0724053838474816,312.2408,317.5743,316.9273,316.11962000000005,2.2868437653237126,312.8176,318.9944,317.2221,0.5960227272728,0.07973293652786151,0.471590909091,0.690340909091,0.690340909091,0.2098,0.028065993657805877,0.166,0.243,0.243,352.0,0.0,352,352,352,5,4000.0,8000.0
C05,overloadedRack_L2,/home/pankaj/Documents/HVAC/ThermoFOAM-DC-v01-publication/cases/parameterstudy/C05_overloadedRack_L2,R3,3000.0,305.2889463068,1.406254982617731,303.965188636,307.431526989,303.965188636,316.17058,1.802115209136205,313.9262,318.1397,315.2359,317.3365,1.4855341934805713,315.8835,318.993,316.2488,0.5744318181820001,0.036458948243615084,0.528409090909,0.630681818182,0.528409090909,0.2022,0.012833549781724463,0.186,0.222,0.186,352.0,0.0,352,352,352,5,4000.0,8000.0
C08,overloadedRack_L2_lowFlow,/home/pankaj/Documents/HVAC/ThermoFOAM-DC-v01-publication/cases/parameterstudy/C08_overloadedRack_L2_lowFlow,L1,3000.0,316.6401403974,3.68929933339118,312.455869034,320.522832386,316.147238352,326.89058,1.6394873579872427,325.1901,328.7175,328.1488,328.30364,1.9522530145962291,326.2202,331.1813,331.1813,0.819318181818,0.06787335526837183,0.710227272727,0.880681818182,0.829545454545,0.28840000000000005,0.02389142105442872,0.25,0.31,0.292,352.0,0.0,352,352,352,5,4000.0,8000.0
C08,overloadedRack_L2_lowFlow,/home/pankaj/Documents/HVAC/ThermoFOAM-DC-v01-publication/cases/parameterstudy/C08_overloadedRack_L2_lowFlow,L2,8000.0,317.588575284,4.3676618721185925,310.758063352,321.018208807,320.946838352,329.4032,4.2501301409486185,323.3457,333.7865,333.7865,331.11732,4.0951868757115335,325.5736,335.2257,335.1122,0.8113636363637999,0.047008247254301735,0.75,0.872159090909,0.826704545455,0.28559999999999997,0.01654690303349843,0.264,0.307,0.291,352.0,0.0,352,352,352,5,4000.0,8000.0
C08,overloadedRack_L2_lowFlow,/home/pankaj/Documents/HVAC/ThermoFOAM-DC-v01-publication/cases/parameterstudy/C08_overloadedRack_L2_lowFlow,L3,3000.0,317.0485423294,3.8546889746745476,310.511115909,320.446825284,310.511115909,328.34708,2.83890200993271,324.3154,332.2681,324.3154,329.21706,2.320381224712872,326.7512,332.9228,326.7512,0.7897727272726,0.03992462875702461,0.727272727273,0.835227272727,0.727272727273,0.27799999999999997,0.014053469322555185,0.256,0.294,0.256,352.0,0.0,352,352,352,5,4000.0,8000.0
C08,overloadedRack_L2_lowFlow,/home/pankaj/Documents/HVAC/ThermoFOAM-DC-v01-publication/cases/parameterstudy/C08_overloadedRack_L2_lowFlow,R1,3000.0,315.85121113639997,4.438650060302942,309.641304261,321.496201989,314.892912784,327.30620000000005,5.017915885106074,323.1489,332.8633,324.3985,328.52246,4.6060166980808965,323.9414,333.6113,325.3814,0.7897727272728,0.04973619715894468,0.701704545455,0.818181818182,0.818181818182,0.27799999999999997,0.017507141400011587,0.247,0.288,0.288,352.0,0.0,352,352,352,5,4000.0,8000.0
C08,overloadedRack_L2_lowFlow,/home/pankaj/Documents/HVAC/ThermoFOAM-DC-v01-publication/cases/parameterstudy/C08_overloadedRack_L2_lowFlow,R2,3000.0,316.3135720456,2.912649239762455,312.948902841,320.665513068,317.472742898,327.11391999999995,2.509428931450352,323.7229,329.3344,327.8743,327.87353999999993,2.1109762855134107,325.405,330.0218,328.4624,0.809659090909,0.022097086911790378,0.786931818182,0.832386363636,0.786931818182,0.285,0.007778174593052003,0.277,0.293,0.277,352.0,0.0,352,352,352,5,4000.0,8000.0
C08,overloadedRack_L2_lowFlow,/home/pankaj/Documents/HVAC/ThermoFOAM-DC-v01-publication/cases/parameterstudy/C08_overloadedRack_L2_lowFlow,R3,3000.0,319.3999718182,4.773785978435004,315.089041761,327.236993182,316.290255398,327.9561,3.531055208432731,324.1445,332.3617,324.8901,328.57742,3.5998766926104673,324.3315,332.9562,325.6966,0.8443181818179999,0.08601435800526928,0.778409090909,0.988636363636,0.798295454545,0.2972,0.030277054017853168,0.274,0.348,0.281,352.0,0.0,352,352,352,5,4000.0,8000.0
C09,overloadedRack_L2_highFlow,/home/pankaj/Documents/HVAC/ThermoFOAM-DC-v01-publication/cases/parameterstudy/C09_overloadedRack_L2_highFlow,L1,3000.0,303.4882761362,2.208866686689636,301.445074148,306.249316761,306.249316761,313.20598,2.386578043349956,309.4247,315.5923,315.5923,314.03285999999997,2.486510139331816,310.2531,316.8873,316.8873,0.43409090909099995,0.114932241761501,0.315340909091,0.573863636364,0.573863636364,0.1528,0.04045614909998232,0.111,0.202,0.202,352.0,0.0,352,352,352,5,4000.0,8000.0
C09,overloadedRack_L2_highFlow,/home/pankaj/Documents/HVAC/ThermoFOAM-DC-v01-publication/cases/parameterstudy/C09_overloadedRack_L2_highFlow,L2,8000.0,300.244090341,1.338601698601008,298.622101989,301.968233523,299.57169858,312.18178,1.110446204009903,311.1905,313.4747,311.4345,314.01930000000004,1.0396530310637218,312.5102,314.9303,313.3765,0.30965909090919996,0.05918371209088194,0.255681818182,0.409090909091,0.28125,0.10899999999999999,0.020832666655999657,0.09,0.144,0.099,352.0,0.0,352,352,352,5,4000.0,8000.0
C09,overloadedRack_L2_highFlow,/home/pankaj/Documents/HVAC/ThermoFOAM-DC-v01-publication/cases/parameterstudy/C09_overloadedRack_L2_highFlow,L3,3000.0,301.68126607939996,3.899190060162308,298.364875568,308.118091193,302.480069602,313.52682,1.9526118513416968,311.799,316.6614,313.0798,314.69122,1.7194065769910283,312.5309,317.2041,313.9006,0.3607954545454,0.17266558408001484,0.184659090909,0.639204545455,0.394886363636,0.127,0.06077828559609098,0.065,0.225,0.139,352.0,0.0,352,352,352,5,4000.0,8000.0
C09,overloadedRack_L2_highFlow,/home/pankaj/Documents/HVAC/ThermoFOAM-DC-v01-publication/cases/parameterstudy/C09_overloadedRack_L2_highFlow,R1,3000.0,297.20680363639997,1.5555985089904394,295.69035,299.225313068,298.497746307,307.04100000000005,4.213387855989524,302.8686,313.5987,308.651,308.76521999999994,3.8624682519083433,305.2142,314.556,310.8239,0.114772727272762,0.11512869528168795,0.00284090909091,0.272727272727,0.198863636364,0.040400000000000005,0.04052530073916787,0.001,0.096,0.07,352.0,0.0,352,352,352,5,4000.0,8000.0
C09,overloadedRack_L2_highFlow,/home/pankaj/Documents/HVAC/ThermoFOAM-DC-v01-publication/cases/parameterstudy/C09_overloadedRack_L2_highFlow,R2,3000.0,297.26749579520003,2.2271158840379575,294.127747727,299.421366477,295.824359375,306.79036,5.24492231572595,299.8057,312.4143,304.6358,308.47655999999995,4.079744016847134,304.8109,312.9137,304.983,0.14090909090928,0.15932663137389277,0.0,0.326704545455,0.0,0.0496,0.056082974243526,0.0,0.115,0.0,352.0,0.0,352,352,352,5,4000.0,8000.0
C09,overloadedRack_L2_highFlow,/home/pankaj/Documents/HVAC/ThermoFOAM-DC-v01-publication/cases/parameterstudy/C09_overloadedRack_L2_highFlow,R3,3000.0,299.24822863640003,1.3585603585656416,297.87583125,300.947778125,300.426339489,311.26020000000005,1.444243026640599,309.7264,313.0928,310.9046,312.14248000000003,1.3385829623149959,310.2271,313.5822,311.4392,0.27102272727279997,0.08599558987094622,0.139204545455,0.349431818182,0.349431818182,0.0954,0.030270447634615512,0.049,0.123,0.123,352.0,0.0,352,352,352,5,4000.0,8000.0
