"Q","T","U:0","U:1","U:2","Umag","Ux","Uy","Uz","alphat","epsilon","k","nut","p","p_rgh","rho","vorticity:0","vorticity:1","vorticity:2","wallHeatFlux","wallShearStress:0","wallShearStress:1","wallShearStress:2","yPlus","vtkValidPointMask","arc_length","Points:0","Points:1","Points:2"
-0.18372,318.65,0.12162,0.026239,-0.059461,0.1379,0.12162,0.026239,-0.059461,0.00079508,0.0028611,0.0047785,0.00067501,-16.447,0.31343,1.139,-0.43513,-0.17749,-1.251,0,0,0,0,0,1,0,3.5,0,1.5
-0.17208,318.62,0.12207,0.028389,-0.057902,0.13819,0.12207,0.028389,-0.057902,0.0010113,0.002808,0.0051002,0.00085513,-16.447,0.31427,1.1391,-0.37324,-0.17276,-1.15,0,0,0,0,0,1,0.016667,3.5,0.016667,1.5
-0.16043,318.59,0.12252,0.030538,-0.056343,0.13847,0.12252,0.030538,-0.056343,0.0012274,0.0027549,0.0054219,0.0010353,-16.447,0.3151,1.1391,-0.31135,-0.16802,-1.0489,0,0,0,0,0,1,0.033333,3.5,0.033333,1.5
-0.14879,318.56,0.12296,0.032688,-0.054784,0.13876,0.12296,0.032688,-0.054784,0.0014436,0.0027019,0.0057437,0.0012154,-16.447,0.31593,1.1392,-0.24947,-0.16329,-0.94788,0,0,0,0,0,1,0.05,3.5,0.05,1.5
-0.13714,318.53,0.12341,0.034837,-0.053224,0.13904,0.12341,0.034837,-0.053224,0.0016598,0.0026488,0.0060654,0.0013955,-16.447,0.31676,1.1392,-0.18758,-0.15855,-0.84684,0,0,0,0,0,1,0.066667,3.5,0.066667,1.5
-0.1255,318.5,0.12385,0.036987,-0.051665,0.13933,0.12385,0.036987,-0.051665,0.0018759,0.0025958,0.0063871,0.0015756,-16.447,0.3176,1.1393,-0.12569,-0.15382,-0.74581,0,0,0,0,0,1,0.083333,3.5,0.083333,1.5
-0.11385,318.46,0.1243,0.039136,-0.050106,0.13962,0.1243,0.039136,-0.050106,0.0020921,0.0025427,0.0067089,0.0017557,-16.447,0.31843,1.1393,-0.063799,-0.14908,-0.64477,0,0,0,0,0,1,0.1,3.5,0.1,1.5
-0.09877,318.4,0.12451,0.042936,-0.046545,0.14017,0.12451,0.042936,-0.046545,0.0025273,0.0024778,0.0072397,0.0021201,-16.448,0.32007,1.1395,0.0030947,-0.14053,-0.53816,0,0,0,0,0,1,0.11667,3.5,0.11667,1.5
-0.083688,318.34,0.12473,0.046736,-0.042985,0.14073,0.12473,0.046736,-0.042985,0.0029626,0.0024128,0.0077704,0.0024844,-16.448,0.3217,1.1396,0.069989,-0.13199,-0.43155,0,0,0,0,0,1,0.13333,3.5,0.13333,1.5
-0.068606,318.27,0.12495,0.050535,-0.039425,0.14128,0.12495,0.050535,-0.039425,0.0033978,0.0023479,0.0083012,0.0028487,-16.448,0.32334,1.1397,0.13688,-0.12344,-0.32495,0,0,0,0,0,1,0.15,3.5,0.15,1.5
-0.053524,318.21,0.12516,0.054335,-0.035865,0.14184,0.12516,0.054335,-0.035865,0.003833,0.0022829,0.008832,0.003213,-16.448,0.32498,1.1399,0.20378,-0.11489,-0.21834,0,0,0,0,0,1,0.16667,3.5,0.16667,1.5
-0.038442,318.15,0.12538,0.058135,-0.032304,0.1424,0.12538,0.058135,-0.032304,0.0042682,0.002218,0.0093628,0.0035774,-16.448,0.32662,1.14,0.27067,-0.10635,-0.11173,0,0,0,0,0,1,0.18333,3.5,0.18333,1.5
-0.02336,318.08,0.12559,0.061934,-0.028744,0.14295,0.12559,0.061934,-0.028744,0.0047034,0.002153,0.0098936,0.0039417,-16.449,0.32825,1.1401,0.33757,-0.097798,-0.0051224,0,0,0,0,0,1,0.2,3.5,0.2,1.5
-0.018732,318.01,0.1245,0.064428,-0.024516,0.14275,0.1245,0.064428,-0.024516,0.0051137,0.0021391,0.010262,0.0042892,-16.449,0.32999,1.1403,0.34248,-0.089989,0.0067881,0,0,0,0,0,1,0.21667,3.5,0.21667,1.5
-0.014104,317.94,0.1234,0.066922,-0.020288,0.14255,0.1234,0.066922,-0.020288,0.0055239,0.0021253,0.010631,0.0046368,-16.449,0.33173,1.1404,0.3474,-0.08218,0.018699,0,0,0,0,0,1,0.23333,3.5,0.23333,1.5
-0.0094759,317.87,0.12231,0.069416,-0.01606,0.14235,0.12231,0.069416,-0.01606,0.0059342,0.0021114,0.010999,0.0049843,-16.45,0.33347,1.1406,0.35232,-0.074371,0.030609,0,0,0,0,0,1,0.25,3.5,0.25,1.5
-0.004848,317.8,0.12122,0.07191,-0.011832,0.14215,0.12122,0.07191,-0.011832,0.0063445,0.0020976,0.011368,0.0053319,-16.45,0.33521,1.1407,0.35724,-0.066562,0.042519,0,0,0,0,0,1,0.26667,3.5,0.26667,1.5
-0.00021997,317.73,0.12012,0.074403,-0.0076041,0.14195,0.12012,0.074403,-0.0076041,0.0067548,0.0020837,0.011736,0.0056794,-16.45,0.33695,1.1408,0.36215,-0.058752,0.05443,0,0,0,0,0,1,0.28333,3.5,0.28333,1.5
0.004408,317.66,0.11903,0.076897,-0.0033761,0.14175,0.11903,0.076897,-0.0033761,0.007165,0.0020698,0.012105,0.006027,-16.451,0.33869,1.141,0.36707,-0.050943,0.06634,0,0,0,0,0,1,0.3,3.5,0.3,1.5
0.0051884,317.6,0.11652,0.077936,0.00089695,0.14061,0.11652,0.077936,0.00089695,0.0075347,0.0020763,0.012431,0.0063459,-16.451,0.34049,1.1411,0.36396,-0.042638,0.081114,0,0,0,0,0,1,0.31667,3.5,0.31667,1.5
0.0059689,317.54,0.114,0.078974,0.00517,0.13948,0.114,0.078974,0.00517,0.0079044,0.0020828,0.012757,0.0066648,-16.452,0.34229,1.1413,0.36085,-0.034332,0.095888,0,0,0,0,0,1,0.33333,3.5,0.33333,1.5
0.0067493,317.47,0.11149,0.080012,0.009443,0.13835,0.11149,0.080012,0.009443,0.008274,0.0020893,0.013083,0.0069836,-16.452,0.34409,1.1415,0.35774,-0.026027,0.11066,0,0,0,0,0,1,0.35,3.5,0.35,1.5
0.0075297,317.41,0.10898,0.081051,0.013716,0.13722,0.10898,0.081051,0.013716,0.0086437,0.0020958,0.013409,0.0073025,-16.452,0.34589,1.1416,0.35463,-0.017721,0.12543,0,0,0,0,0,1,0.36667,3.5,0.36667,1.5
0.0083101,317.35,0.10646,0.082089,0.017989,0.13608,0.10646,0.082089,0.017989,0.0090134,0.0021023,0.013735,0.0076214,-16.453,0.34769,1.1418,0.35152,-0.0094158,0.14021,0,0,0,0,0,1,0.38333,3.5,0.38333,1.5
0.0090906,317.29,0.10395,0.083128,0.022262,0.13495,0.10395,0.083128,0.022262,0.009383,0.0021088,0.014061,0.0079403,-16.453,0.34949,1.1419,0.34841,-0.0011102,0.15498,0,0,0,0,0,1,0.4,3.5,0.4,1.5
0.0079269,317.25,0.099724,0.083134,0.026068,0.13296,0.099724,0.083134,0.026068,0.0097161,0.0021371,0.014412,0.0082334,-16.454,0.35081,1.142,0.34277,0.0071047,0.17253,0,0,0,0,0,1,0.41667,3.5,0.41667,1.5
0.0067631,317.21,0.095497,0.083141,0.029875,0.13096,0.095497,0.083141,0.029875,0.010049,0.0021654,0.014763,0.0085265,-16.454,0.35214,1.1421,0.33714,0.01532,0.19008,0,0,0,0,0,1,0.43333,3.5,0.43333,1.5
0.0055994,317.17,0.09127,0.083148,0.033681,0.12897,0.09127,0.083148,0.033681,0.010382,0.0021937,0.015115,0.0088196,-16.454,0.35347,1.1423,0.3315,0.023535,0.20762,0,0,0,0,0,1,0.45,3.5,0.45,1.5
0.0044357,317.14,0.087043,0.083155,0.037487,0.12698,0.087043,0.083155,0.037487,0.010715,0.0022219,0.015466,0.0091127,-16.455,0.3548,1.1424,0.32587,0.031749,0.22517,0,0,0,0,0,1,0.46667,3.5,0.46667,1.5
0.003272,317.1,0.082817,0.083162,0.041294,0.12499,0.082817,0.083162,0.041294,0.011049,0.0022502,0.015818,0.0094059,-16.455,0.35613,1.1425,0.32023,0.039964,0.24272,0,0,0,0,0,1,0.48333,3.5,0.48333,1.5
0.0021083,317.06,0.07859,0.083169,0.0451,0.12299,0.07859,0.083169,0.0451,0.011382,0.0022785,0.016169,0.009699,-16.456,0.35745,1.1426,0.3146,0.048179,0.26027,0,0,0,0,0,1,0.5,3.5,0.5,1.5
0.00081272,317.06,0.072565,0.082585,0.048412,0.12103,0.072565,0.082585,0.048412,0.011651,0.0023265,0.016542,0.009941,-16.456,0.35789,1.1427,0.31173,0.054789,0.27689,0,0,0,0,0,1,0.51667,3.5,0.51667,1.5
-0.00048286,317.06,0.066541,0.082002,0.051723,0.11907,0.066541,0.082002,0.051723,0.011921,0.0023745,0.016914,0.010183,-16.456,0.35833,1.1427,0.30886,0.061399,0.29351,0,0,0,0,0,1,0.53333,3.5,0.53333,1.5
-0.0017784,317.05,0.060517,0.081418,0.055035,0.11711,0.060517,0.081418,0.055035,0.01219,0.0024225,0.017286,0.010425,-16.457,0.35876,1.1428,0.30598,0.068008,0.31013,0,0,0,0,0,1,0.55,3.5,0.55,1.5
-0.003074,317.05,0.054492,0.080834,0.058347,0.11514,0.054492,0.080834,0.058347,0.01246,0.0024705,0.017659,0.010667,-16.457,0.3592,1.1428,0.30311,0.074618,0.32675,0,0,0,0,0,1,0.56667,3.5,0.56667,1.5
-0.0043696,317.05,0.048468,0.08025,0.061658,0.11318,0.048468,0.08025,0.061658,0.012729,0.0025185,0.018031,0.010909,-16.457,0.35963,1.1429,0.30024,0.081227,0.34337,0,0,0,0,0,1,0.58333,3.5,0.58333,1.5
-0.0056652,317.05,0.042444,0.079666,0.06497,0.11122,0.042444,0.079666,0.06497,0.012999,0.0025665,0.018404,0.011151,-16.458,0.36007,1.1429,0.29737,0.087837,0.35999,0,0,0,0,0,1,0.6,3.5,0.6,1.5
-0.0062221,317.08,0.034937,0.078763,0.068115,0.11135,0.034937,0.078763,0.068115,0.013187,0.0026229,0.018748,0.011325,-16.458,0.35945,1.1429,0.30093,0.091616,0.37151,0,0,0,0,0,1,0.61667,3.5,0.61667,1.5
-0.0067791,317.11,0.02743,0.077859,0.07126,0.11148,0.02743,0.077859,0.07126,0.013376,0.0026793,0.019093,0.011499,-16.458,0.35883,1.1429,0.30448,0.095395,0.38303,0,0,0,0,0,1,0.63333,3.5,0.63333,1.5
-0.007336,317.15,0.019923,0.076956,0.074404,0.11162,0.019923,0.076956,0.074404,0.013565,0.0027357,0.019438,0.011673,-16.459,0.35821,1.1429,0.30804,0.099174,0.39456,0,0,0,0,0,1,0.65,3.5,0.65,1.5
-0.007893,317.18,0.012416,0.076053,0.077549,0.11175,0.012416,0.076053,0.077549,0.013754,0.0027921,0.019783,0.011846,-16.459,0.35759,1.1429,0.31159,0.10295,0.40608,0,0,0,0,0,1,0.66667,3.5,0.66667,1.5
-0.0084499,317.21,0.004909,0.075149,0.080694,0.11188,0.004909,0.075149,0.080694,0.013942,0.0028484,0.020128,0.01202,-16.46,0.35697,1.1429,0.31515,0.10673,0.4176,0,0,0,0,0,1,0.68333,3.5,0.68333,1.5
-0.0090068,317.25,-0.0025979,0.074246,0.083838,0.11202,-0.0025979,0.074246,0.083838,0.014131,0.0029048,0.020472,0.012194,-16.46,0.35634,1.1428,0.3187,0.11051,0.42912,0,0,0,0,0,1,0.7,3.5,0.7,1.5
-0.0081937,317.31,-0.010923,0.073195,0.087501,0.11606,-0.010923,0.073195,0.087501,0.01424,0.0029517,0.020725,0.012299,-16.46,0.35442,1.1427,0.33107,0.11123,0.43281,0,0,0,0,0,1,0.71667,3.5,0.71667,1.5
-0.0073805,317.38,-0.019247,0.072144,0.091163,0.12011,-0.019247,0.072144,0.091163,0.014349,0.0029986,0.020978,0.012404,-16.461,0.35249,1.1426,0.34343,0.11194,0.4365,0,0,0,0,0,1,0.73333,3.5,0.73333,1.5
-0.0065673,317.45,-0.027572,0.071094,0.094825,0.12415,-0.027572,0.071094,0.094825,0.014458,0.0030455,0.021231,0.01251,-16.461,0.35057,1.1425,0.3558,0.11265,0.44019,0,0,0,0,0,1,0.75,3.5,0.75,1.5
-0.0057541,317.52,-0.035896,0.070043,0.098488,0.1282,-0.035896,0.070043,0.098488,0.014567,0.0030924,0.021484,0.012615,-16.461,0.34864,1.1424,0.36817,0.11337,0.44388,0,0,0,0,0,1,0.76667,3.5,0.76667,1.5
-0.0049409,317.59,-0.044221,0.068992,0.10215,0.13224,-0.044221,0.068992,0.10215,0.014676,0.0031393,0.021737,0.01272,-16.462,0.34672,1.1423,0.38053,0.11408,0.44757,0,0,0,0,0,1,0.78333,3.5,0.78333,1.5
-0.0041277,317.65,-0.052546,0.067941,0.10581,0.13628,-0.052546,0.067941,0.10581,0.014785,0.0031862,0.02199,0.012825,-16.462,0.34479,1.1422,0.3929,0.1148,0.45126,0,0,0,0,0,1,0.8,3.5,0.8,1.5
-0.0017621,317.76,-0.060845,0.066871,0.11087,0.14375,-0.060845,0.066871,0.11087,0.014818,0.0032096,0.022104,0.012865,-16.462,0.3408,1.142,0.41238,0.11351,0.44733,0,0,0,0,0,1,0.81667,3.5,0.81667,1.5
0.00060342,317.87,-0.069144,0.065801,0.11593,0.15122,-0.069144,0.065801,0.11593,0.01485,0.0032331,0.022219,0.012904,-16.463,0.33681,1.1417,0.43185,0.11222,0.4434,0,0,0,0,0,1,0.83333,3.5,0.83333,1.5
0.002969,317.98,-0.077443,0.064731,0.12098,0.15869,-0.077443,0.064731,0.12098,0.014882,0.0032565,0.022333,0.012943,-16.463,0.33282,1.1415,0.45133,0.11093,0.43947,0,0,0,0,0,1,0.85,3.5,0.85,1.5
0.0053345,318.09,-0.085742,0.063661,0.12604,0.16616,-0.085742,0.063661,0.12604,0.014914,0.0032799,0.022447,0.012982,-16.463,0.32882,1.1412,0.4708,0.10964,0.43554,0,0,0,0,0,1,0.86667,3.5,0.86667,1.5
0.0077001,318.2,-0.094041,0.062591,0.1311,0.17363,-0.094041,0.062591,0.1311,0.014947,0.0033034,0.022562,0.013022,-16.464,0.32483,1.141,0.49028,0.10835,0.43161,0,0,0,0,0,1,0.88333,3.5,0.88333,1.5
0.010066,318.3,-0.10234,0.061521,0.13615,0.1811,-0.10234,0.061521,0.13615,0.014979,0.0033268,0.022676,0.013061,-16.464,0.32084,1.1407,0.50976,0.10706,0.42768,0,0,0,0,0,1,0.9,3.5,0.9,1.5
0.012148,318.48,-0.10996,0.060499,0.14309,0.19056,-0.10996,0.060499,0.14309,0.014943,0.0033204,0.022639,0.013043,-16.464,0.31262,1.1402,0.52411,0.10594,0.41994,0,0,0,0,0,1,0.91667,3.5,0.91667,1.5
0.01423,318.66,-0.11757,0.059478,0.15003,0.20003,-0.11757,0.059478,0.15003,0.014908,0.003314,0.022601,0.013025,-16.465,0.3044,1.1397,0.53847,0.10483,0.41219,0,0,0,0,0,1,0.93333,3.5,0.93333,1.5
0.016313,318.84,-0.12519,0.058456,0.15697,0.2095,-0.12519,0.058456,0.15697,0.014872,0.0033076,0.022564,0.013007,-16.465,0.29617,1.1391,0.55283,0.10371,0.40444,0,0,0,0,0,1,0.95,3.5,0.95,1.5
0.018395,319.02,-0.13281,0.057435,0.16391,0.21896,-0.13281,0.057435,0.16391,0.014836,0.0033012,0.022527,0.012989,-16.465,0.28795,1.1386,0.56719,0.10259,0.39669,0,0,0,0,0,1,0.96667,3.5,0.96667,1.5
0.020477,319.2,-0.14042,0.056413,0.17085,0.22843,-0.14042,0.056413,0.17085,0.0148,0.0032948,0.022489,0.012972,-16.465,0.27973,1.138,0.58154,0.10147,0.38894,0,0,0,0,0,1,0.98333,3.5,0.98333,1.5
0.02256,319.38,-0.14804,0.055392,0.17779,0.2379,-0.14804,0.055392,0.17779,0.014765,0.0032884,0.022452,0.012954,-16.466,0.27151,1.1375,0.5959,0.10035,0.3812,0,0,0,0,0,1,1,3.5,1,1.5
0.021618,319.56,-0.15483,0.054375,0.18526,0.24758,-0.15483,0.054375,0.18526,0.014693,0.0032534,0.022287,0.012903,-16.466,0.26265,1.1369,0.58968,0.10115,0.37401,0,0,0,0,0,1,1.0167,3.5,1.0167,1.5
0.020677,319.74,-0.16161,0.053358,0.19272,0.25726,-0.16161,0.053358,0.19272,0.014622,0.0032184,0.022122,0.012852,-16.466,0.25379,1.1363,0.58346,0.10195,0.36682,0,0,0,0,0,1,1.0333,3.5,1.0333,1.5
0.019736,319.93,-0.1684,0.052341,0.20019,0.26694,-0.1684,0.052341,0.20019,0.01455,0.0031834,0.021958,0.012801,-16.466,0.24492,1.1357,0.57724,0.10275,0.35964,0,0,0,0,0,1,1.05,3.5,1.05,1.5
0.018795,320.11,-0.17518,0.051324,0.20766,0.27662,-0.17518,0.051324,0.20766,0.014479,0.0031484,0.021793,0.012751,-16.466,0.23606,1.1351,0.57101,0.10355,0.35245,0,0,0,0,0,1,1.0667,3.5,1.0667,1.5
0.017854,320.29,-0.18196,0.050307,0.21512,0.2863,-0.18196,0.050307,0.21512,0.014407,0.0031135,0.021628,0.0127,-16.467,0.2272,1.1346,0.56479,0.10435,0.34527,0,0,0,0,0,1,1.0833,3.5,1.0833,1.5
0.016913,320.48,-0.18875,0.04929,0.22259,0.29598,-0.18875,0.04929,0.22259,0.014336,0.0030785,0.021463,0.012649,-16.467,0.21834,1.134,0.55857,0.10515,0.33808,0,0,0,0,0,1,1.1,3.5,1.1,1.5
0.013489,320.59,-0.19485,0.048128,0.22824,0.30399,-0.19485,0.048128,0.22824,0.014271,0.003029,0.021245,0.012599,-16.467,0.21319,1.1336,0.53116,0.10817,0.33147,0,0,0,0,0,1,1.1167,3.5,1.1167,1.5
0.010064,320.69,-0.20096,0.046967,0.23389,0.312,-0.20096,0.046967,0.23389,0.014206,0.0029795,0.021028,0.01255,-16.467,0.20804,1.1333,0.50375,0.11119,0.32485,0,0,0,0,0,1,1.1333,3.5,1.1333,1.5
0.00664,320.8,-0.20706,0.045805,0.23954,0.32001,-0.20706,0.045805,0.23954,0.014142,0.00293,0.02081,0.0125,-16.467,0.20289,1.133,0.47634,0.11421,0.31824,0,0,0,0,0,1,1.15,3.5,1.15,1.5
0.0032157,320.91,-0.21316,0.044644,0.24519,0.32802,-0.21316,0.044644,0.24519,0.014077,0.0028805,0.020592,0.01245,-16.467,0.19774,1.1326,0.44893,0.11723,0.31163,0,0,0,0,0,1,1.1667,3.5,1.1667,1.5
-0.00020861,321.02,-0.21927,0.043483,0.25084,0.33604,-0.21927,0.043483,0.25084,0.014012,0.002831,0.020374,0.0124,-16.468,0.19259,1.1323,0.42151,0.12025,0.30502,0,0,0,0,0,1,1.1833,3.5,1.1833,1.5
-0.0036329,321.12,-0.22537,0.042321,0.25649,0.34405,-0.22537,0.042321,0.25649,0.013948,0.0027815,0.020156,0.01235,-16.468,0.18744,1.1319,0.3941,0.12327,0.2984,0,0,0,0,0,1,1.2,3.5,1.2,1.5
-0.0062594,321.18,-0.23063,0.040882,0.25901,0.34928,-0.23063,0.040882,0.25901,0.013928,0.0027379,0.019983,0.012337,-16.468,0.1846,1.1317,0.35683,0.12818,0.28729,0,0,0,0,0,1,1.2167,3.5,1.2167,1.5
-0.0088858,321.23,-0.23589,0.039444,0.26154,0.3545,-0.23589,0.039444,0.26154,0.013908,0.0026942,0.01981,0.012323,-16.468,0.18175,1.1316,0.31956,0.13309,0.27619,0,0,0,0,0,1,1.2333,3.5,1.2333,1.5
-0.011512,321.28,-0.24115,0.038005,0.26407,0.35973,-0.24115,0.038005,0.26407,0.013889,0.0026505,0.019637,0.012309,-16.468,0.17891,1.1314,0.28229,0.138,0.26508,0,0,0,0,0,1,1.25,3.5,1.25,1.5
-0.014139,321.33,-0.24641,0.036566,0.26659,0.36496,-0.24641,0.036566,0.26659,0.013869,0.0026068,0.019464,0.012295,-16.469,0.17606,1.1312,0.24501,0.14291,0.25397,0,0,0,0,0,1,1.2667,3.5,1.2667,1.5
-0.016765,321.38,-0.25167,0.035127,0.26912,0.37019,-0.25167,0.035127,0.26912,0.01385,0.0025632,0.019291,0.012281,-16.469,0.17322,1.131,0.20774,0.14782,0.24286,0,0,0,0,0,1,1.2833,3.5,1.2833,1.5
-0.019391,321.43,-0.25692,0.033688,0.27165,0.37541,-0.25692,0.033688,0.27165,0.01383,0.0025195,0.019118,0.012267,-16.469,0.17037,1.1308,0.17047,0.15273,0.23175,0,0,0,0,0,1,1.3,3.5,1.3,1.5
-0.019283,321.45,-0.26051,0.031998,0.27091,0.37729,-0.26051,0.031998,0.27091,0.01389,0.0024964,0.019069,0.01232,-16.469,0.16889,1.1308,0.13543,0.15904,0.21132,0,0,0,0,0,1,1.3167,3.5,1.3167,1.5
-0.019175,321.46,-0.26409,0.030309,0.27018,0.37916,-0.26409,0.030309,0.27018,0.01395,0.0024734,0.01902,0.012373,-16.47,0.1674,1.1307,0.1004,0.16535,0.19088,0,0,0,0,0,1,1.3333,3.5,1.3333,1.5
-0.019067,321.48,-0.26768,0.028619,0.26945,0.38103,-0.26768,0.028619,0.26945,0.014009,0.0024503,0.018971,0.012426,-16.47,0.16591,1.1306,0.065371,0.17165,0.17045,0,0,0,0,0,1,1.35,3.5,1.35,1.5
-0.018959,321.49,-0.27126,0.02693,0.26871,0.38291,-0.27126,0.02693,0.26871,0.014069,0.0024273,0.018923,0.012478,-16.47,0.16442,1.1305,0.030339,0.17796,0.15001,0,0,0,0,0,1,1.3667,3.5,1.3667,1.5
-0.018851,321.51,-0.27485,0.02524,0.26798,0.38478,-0.27485,0.02524,0.26798,0.014129,0.0024042,0.018874,0.012531,-16.47,0.16294,1.1304,-0.0046925,0.18427,0.12958,0,0,0,0,0,1,1.3833,3.5,1.3833,1.5
-0.018743,321.52,-0.27843,0.023551,0.26725,0.38665,-0.27843,0.023551,0.26725,0.014188,0.0023811,0.018825,0.012584,-16.471,0.16145,1.1303,-0.039724,0.19058,0.10914,0,0,0,0,0,1,1.4,3.5,1.4,1.5
-0.016824,321.5,-0.2793,0.021759,0.26413,0.3851,-0.2793,0.021759,0.26413,0.014337,0.0023859,0.01894,0.012713,-16.471,0.16074,1.1303,-0.063711,0.19742,0.081189,0,0,0,0,0,1,1.4167,3.5,1.4167,1.5
-0.014904,321.49,-0.28017,0.019968,0.26101,0.38355,-0.28017,0.019968,0.26101,0.014485,0.0023907,0.019055,0.012841,-16.472,0.16003,1.1303,-0.087698,0.20426,0.053238,0,0,0,0,0,1,1.4333,3.5,1.4333,1.5
-0.012985,321.47,-0.28104,0.018176,0.25789,0.382,-0.28104,0.018176,0.25789,0.014634,0.0023955,0.01917,0.01297,-16.472,0.15931,1.1303,-0.11168,0.21111,0.025286,0,0,0,0,0,1,1.45,3.5,1.45,1.5
-0.011066,321.46,-0.28191,0.016385,0.25477,0.38045,-0.28191,0.016385,0.25477,0.014782,0.0024003,0.019285,0.013099,-16.472,0.1586,1.1302,-0.13567,0.21795,-0.0026652,0,0,0,0,0,1,1.4667,3.5,1.4667,1.5
-0.0091462,321.44,-0.28278,0.014593,0.25165,0.3789,-0.28278,0.014593,0.25165,0.014931,0.0024051,0.0194,0.013228,-16.473,0.15789,1.1302,-0.15966,0.22479,-0.030616,0,0,0,0,0,1,1.4833,3.5,1.4833,1.5
-0.0072268,321.43,-0.28365,0.012802,0.24854,0.37735,-0.28365,0.012802,0.24854,0.015079,0.0024098,0.019514,0.013357,-16.473,0.15717,1.1302,-0.18365,0.23164,-0.058568,0,0,0,0,0,1,1.5,3.5,1.5,1.5
-0.0055345,321.38,-0.28137,0.01097,0.2443,0.37283,-0.28137,0.01097,0.2443,0.015282,0.0024408,0.01977,0.013535,-16.473,0.15691,1.1302,-0.19505,0.23741,-0.086067,0,0,0,0,0,1,1.5167,3.5,1.5167,1.5
-0.0038423,321.33,-0.27909,0.0091377,0.24006,0.36831,-0.27909,0.0091377,0.24006,0.015485,0.0024718,0.020025,0.013712,-16.474,0.15666,1.1302,-0.20645,0.24318,-0.11357,0,0,0,0,0,1,1.5333,3.5,1.5333,1.5
-0.00215,321.28,-0.27681,0.0073057,0.23582,0.36379,-0.27681,0.0073057,0.23582,0.015688,0.0025028,0.020281,0.01389,-16.474,0.1564,1.1302,-0.21786,0.24895,-0.14107,0,0,0,0,0,1,1.55,3.5,1.55,1.5
-0.00045771,321.23,-0.27453,0.0054736,0.23158,0.35927,-0.27453,0.0054736,0.23158,0.015891,0.0025338,0.020536,0.014068,-16.474,0.15614,1.1302,-0.22926,0.25472,-0.16857,0,0,0,0,0,1,1.5667,3.5,1.5667,1.5
0.0012346,321.19,-0.27225,0.0036416,0.22735,0.35476,-0.27225,0.0036416,0.22735,0.016094,0.0025649,0.020792,0.014246,-16.475,0.15588,1.1302,-0.24066,0.26049,-0.19607,0,0,0,0,0,1,1.5833,3.5,1.5833,1.5
0.0029268,321.14,-0.26997,0.0018096,0.22311,0.35024,-0.26997,0.0018096,0.22311,0.016297,0.0025959,0.021047,0.014423,-16.475,0.15562,1.1302,-0.25207,0.26626,-0.22357,0,0,0,0,0,1,1.6,3.5,1.6,1.5
0.0033518,321.05,-0.26507,-7.9293e-05,0.21872,0.34368,-0.26507,-7.9293e-05,0.21872,0.016496,0.0026397,0.021353,0.0146,-16.475,0.15577,1.1303,-0.25594,0.2693,-0.2436,0,0,0,0,0,1,1.6167,3.5,1.6167,1.5
0.0037768,320.96,-0.26016,-0.0019682,0.21432,0.33713,-0.26016,-0.0019682,0.21432,0.016695,0.0026836,0.021659,0.014776,-16.476,0.15592,1.1303,-0.25981,0.27234,-0.26363,0,0,0,0,0,1,1.6333,3.5,1.6333,1.5
0.0042017,320.86,-0.25526,-0.003857,0.20993,0.33057,-0.25526,-0.003857,0.20993,0.016894,0.0027274,0.021965,0.014952,-16.476,0.15608,1.1303,-0.26368,0.27538,-0.28366,0,0,0,0,0,1,1.65,3.5,1.65,1.5
0.0046267,320.77,-0.25035,-0.0057459,0.20554,0.32402,-0.25035,-0.0057459,0.20554,0.017093,0.0027713,0.022271,0.015129,-16.476,0.15623,1.1303,-0.26755,0.27842,-0.30369,0,0,0,0,0,1,1.6667,3.5,1.6667,1.5
0.0050517,320.68,-0.24545,-0.0076347,0.20115,0.31746,-0.24545,-0.0076347,0.20115,0.017292,0.0028151,0.022577,0.015305,-16.477,0.15639,1.1304,-0.27143,0.28145,-0.32372,0,0,0,0,0,1,1.6833,3.5,1.6833,1.5
0.0054767,320.59,-0.24054,-0.0095236,0.19675,0.31091,-0.24054,-0.0095236,0.19675,0.017491,0.002859,0.022884,0.015481,-16.477,0.15654,1.1304,-0.2753,0.28449,-0.34375,0,0,0,0,0,1,1.7,3.5,1.7,1.5
0.005061,320.45,-0.23399,-0.01148,0.19243,0.30323,-0.23399,-0.01148,0.19243,0.017654,0.0028953,0.023136,0.015626,-16.477,0.15749,1.1305,-0.27837,0.28395,-0.35479,0,0,0,0,0,1,1.7167,3.5,1.7167,1.5
0.0046453,320.32,-0.22744,-0.013437,0.18811,0.29555,-0.22744,-0.013437,0.18811,0.017817,0.0029316,0.023388,0.01577,-16.477,0.15843,1.1306,-0.28144,0.28342,-0.36582,0,0,0,0,0,1,1.7333,3.5,1.7333,1.5
0.0042296,320.18,-0.2209,-0.015393,0.18379,0.28787,-0.2209,-0.015393,0.18379,0.017979,0.0029679,0.02364,0.015915,-16.477,0.15938,1.1306,-0.28451,0.28288,-0.37686,0,0,0,0,0,1,1.75,3.5,1.75,1.5
0.003814,320.04,-0.21435,-0.01735,0.17947,0.28019,-0.21435,-0.01735,0.17947,0.018142,0.0030043,0.023892,0.016059,-16.478,0.16033,1.1307,-0.28758,0.28234,-0.38789,0,0,0,0,0,1,1.7667,3.5,1.7667,1.5
0.0033983,319.9,-0.2078,-0.019307,0.17515,0.27251,-0.2078,-0.019307,0.17515,0.018304,0.0030406,0.024144,0.016203,-16.478,0.16127,1.1308,-0.29065,0.2818,-0.39893,0,0,0,0,0,1,1.7833,3.5,1.7833,1.5
0.0029826,319.76,-0.20125,-0.021263,0.17083,0.26483,-0.20125,-0.021263,0.17083,0.018467,0.0030769,0.024396,0.016348,-16.478,0.16222,1.1309,-0.29372,0.28127,-0.40996,0,0,0,0,0,1,1.8,3.5,1.8,1.5
0.0026458,319.58,-0.19395,-0.023249,0.16626,0.25661,-0.19395,-0.023249,0.16626,0.018596,0.0030888,0.024527,0.016461,-16.478,0.16495,1.1311,-0.2982,0.27719,-0.41352,0,0,0,0,0,1,1.8167,3.5,1.8167,1.5
0.002309,319.39,-0.18664,-0.025236,0.16169,0.24839,-0.18664,-0.025236,0.16169,0.018725,0.0031006,0.024658,0.016573,-16.478,0.16767,1.1313,-0.30268,0.27311,-0.41709,0,0,0,0,0,1,1.8333,3.5,1.8333,1.5
0.0019722,319.2,-0.17934,-0.027222,0.15711,0.24017,-0.17934,-0.027222,0.15711,0.018854,0.0031125,0.024789,0.016686,-16.478,0.17039,1.1315,-0.30716,0.26904,-0.42065,0,0,0,0,0,1,1.85,3.5,1.85,1.5
0.0016354,319.01,-0.17203,-0.029208,0.15254,0.23196,-0.17203,-0.029208,0.15254,0.018983,0.0031244,0.02492,0.016799,-16.478,0.17312,1.1317,-0.31164,0.26496,-0.42421,0,0,0,0,0,1,1.8667,3.5,1.8667,1.5
0.0012986,318.82,-0.16473,-0.031195,0.14797,0.22374,-0.16473,-0.031195,0.14797,0.019112,0.0031363,0.025051,0.016912,-16.479,0.17584,1.1318,-0.31612,0.26088,-0.42777,0,0,0,0,0,1,1.8833,3.5,1.8833,1.5
0.00096182,318.63,-0.15743,-0.033181,0.1434,0.21552,-0.15743,-0.033181,0.1434,0.019241,0.0031482,0.025182,0.017025,-16.479,0.17857,1.132,-0.3206,0.25681,-0.43133,0,0,0,0,0,1,1.9,3.5,1.9,1.5
0.00092336,318.39,-0.15012,-0.035067,0.13848,0.20741,-0.15012,-0.035067,0.13848,0.01935,0.0031303,0.025174,0.017116,-16.479,0.18495,1.1325,-0.32075,0.25025,-0.42891,0,0,0,0,0,1,1.9167,3.5,1.9167,1.5
0.00088491,318.15,-0.14281,-0.036953,0.13355,0.1993,-0.14281,-0.036953,0.13355,0.01946,0.0031124,0.025167,0.017207,-16.479,0.19134,1.1329,-0.3209,0.24368,-0.4265,0,0,0,0,0,1,1.9333,3.5,1.9333,1.5
0.00084646,317.91,-0.13549,-0.038839,0.12863,0.19119,-0.13549,-0.038839,0.12863,0.019569,0.0030945,0.02516,0.017299,-16.479,0.19772,1.1333,-0.32106,0.23712,-0.42409,0,0,0,0,0,1,1.95,3.5,1.95,1.5
0.00080801,317.67,-0.12818,-0.040725,0.12371,0.18308,-0.12818,-0.040725,0.12371,0.019678,0.0030766,0.025153,0.01739,-16.479,0.20411,1.1338,-0.32121,0.23056,-0.42167,0,0,0,0,0,1,1.9667,3.5,1.9667,1.5
0.00076956,317.43,-0.12087,-0.042611,0.11879,0.17497,-0.12087,-0.042611,0.11879,0.019788,0.0030587,0.025146,0.017482,-16.479,0.21049,1.1342,-0.32136,0.224,-0.41926,0,0,0,0,0,1,1.9833,3.5,1.9833,1.5
0.00073111,317.19,-0.11356,-0.044497,0.11387,0.16686,-0.11356,-0.044497,0.11387,0.019897,0.0030408,0.025139,0.017573,-16.479,0.21688,1.1346,-0.32152,0.21743,-0.41685,0,0,0,0,0,1,2,3.5,2,1.5
0.00060587,316.98,-0.10685,-0.046141,0.10948,0.16012,-0.10685,-0.046141,0.10948,0.019986,0.0030042,0.025034,0.017645,-16.479,0.22401,1.1351,-0.31159,0.21009,-0.41005,0,0,0,0,0,1,2.0167,3.5,2.0167,1.5
0.00048064,316.77,-0.10013,-0.047784,0.10509,0.15338,-0.10013,-0.047784,0.10509,0.020075,0.0029676,0.024929,0.017718,-16.479,0.23114,1.1356,-0.30166,0.20275,-0.40325,0,0,0,0,0,1,2.0333,3.5,2.0333,1.5
0.00035541,316.56,-0.09342,-0.049428,0.10069,0.14664,-0.09342,-0.049428,0.10069,0.020164,0.002931,0.024824,0.01779,-16.478,0.23827,1.1361,-0.29173,0.19541,-0.39645,0,0,0,0,0,1,2.05,3.5,2.05,1.5
0.00023018,316.35,-0.086707,-0.051071,0.096302,0.13991,-0.086707,-0.051071,0.096302,0.020253,0.0028944,0.024719,0.017862,-16.478,0.2454,1.1366,-0.2818,0.18806,-0.38966,0,0,0,0,0,1,2.0667,3.5,2.0667,1.5
0.00010494,316.13,-0.079993,-0.052715,0.091911,0.13317,-0.079993,-0.052715,0.091911,0.020342,0.0028578,0.024614,0.017935,-16.478,0.25253,1.1371,-0.27188,0.18072,-0.38286,0,0,0,0,0,1,2.0833,3.5,2.0833,1.5
-2.029e-05,315.92,-0.07328,-0.054359,0.087519,0.12643,-0.07328,-0.054359,0.087519,0.020431,0.0028212,0.024509,0.018007,-16.478,0.25966,1.1375,-0.26195,0.17338,-0.37606,0,0,0,0,0,1,2.1,3.5,2.1,1.5
-0.00053622,315.8,-0.067566,-0.055683,0.084735,0.12237,-0.067566,-0.055683,0.084735,0.020481,0.0027868,0.024385,0.018048,-16.478,0.26387,1.1378,-0.24432,0.1669,-0.36671,0,0,0,0,0,1,2.1167,3.5,2.1167,1.5
-0.0010522,315.68,-0.061851,-0.057007,0.081951,0.11831,-0.061851,-0.057007,0.081951,0.020531,0.0027524,0.02426,0.01809,-16.478,0.26808,1.1381,-0.2267,0.16043,-0.35736,0,0,0,0,0,1,2.1333,3.5,2.1333,1.5
-0.0015681,315.56,-0.056137,-0.058332,0.079167,0.11425,-0.056137,-0.058332,0.079167,0.020582,0.0027181,0.024136,0.018131,-16.478,0.27229,1.1384,-0.20907,0.15395,-0.34801,0,0,0,0,0,1,2.15,3.5,2.15,1.5
-0.002084,315.43,-0.050423,-0.059656,0.076383,0.11019,-0.050423,-0.059656,0.076383,0.020632,0.0026837,0.024012,0.018173,-16.478,0.2765,1.1386,-0.19145,0.14748,-0.33865,0,0,0,0,0,1,2.1667,3.5,2.1667,1.5
-0.0026,315.31,-0.044708,-0.06098,0.073599,0.10613,-0.044708,-0.06098,0.073599,0.020683,0.0026493,0.023888,0.018214,-16.477,0.28071,1.1389,-0.17383,0.141,-0.3293,0,0,0,0,0,1,2.1833,3.5,2.1833,1.5
-0.0031159,315.19,-0.038994,-0.062305,0.070815,0.10206,-0.038994,-0.062305,0.070815,0.020733,0.002615,0.023764,0.018256,-16.477,0.28492,1.1392,-0.1562,0.13453,-0.31995,0,0,0,0,0,1,2.2,3.5,2.2,1.5
-0.0039736,315.13,-0.03445,-0.06332,0.070031,0.10103,-0.03445,-0.06332,0.070031,0.020738,0.0025981,0.023688,0.018258,-16.477,0.28698,1.1393,-0.13589,0.13011,-0.30964,0,0,0,0,0,1,2.2167,3.5,2.2167,1.5
-0.0048313,315.06,-0.029905,-0.064335,0.069247,0.099991,-0.029905,-0.064335,0.069247,0.020743,0.0025812,0.023613,0.018261,-16.477,0.28905,1.1395,-0.11558,0.1257,-0.29934,0,0,0,0,0,1,2.2333,3.5,2.2333,1.5
-0.005689,315,-0.025361,-0.06535,0.068463,0.098954,-0.025361,-0.06535,0.068463,0.020747,0.0025643,0.023538,0.018264,-16.477,0.29111,1.1396,-0.095263,0.12129,-0.28904,0,0,0,0,0,1,2.25,3.5,2.25,1.5
-0.0065467,314.94,-0.020817,-0.066365,0.067679,0.097918,-0.020817,-0.066365,0.067679,0.020752,0.0025474,0.023463,0.018266,-16.477,0.29318,1.1397,-0.07495,0.11687,-0.27873,0,0,0,0,0,1,2.2667,3.5,2.2667,1.5
-0.0074044,314.87,-0.016272,-0.06738,0.066895,0.096881,-0.016272,-0.06738,0.066895,0.020757,0.0025305,0.023388,0.018269,-16.476,0.29524,1.1398,-0.054638,0.11246,-0.26843,0,0,0,0,0,1,2.2833,3.5,2.2833,1.5
-0.0082621,314.81,-0.011728,-0.068396,0.06611,0.095844,-0.011728,-0.068396,0.06611,0.020761,0.0025136,0.023313,0.018272,-16.476,0.29731,1.14,-0.034325,0.10805,-0.25813,0,0,0,0,0,1,2.3,3.5,2.3,1.5
-0.0092189,314.79,-0.0083613,-0.069179,0.067389,0.097238,-0.0083613,-0.069179,0.067389,0.020727,0.0025181,0.023313,0.01824,-16.476,0.29775,1.14,-0.013938,0.10646,-0.24784,0,0,0,0,0,1,2.3167,3.5,2.3167,1.5
-0.010176,314.77,-0.0049948,-0.069963,0.068667,0.098631,-0.0049948,-0.069963,0.068667,0.020693,0.0025225,0.023313,0.018209,-16.476,0.29818,1.14,0.0064486,0.10488,-0.23755,0,0,0,0,0,1,2.3333,3.5,2.3333,1.5
-0.011132,314.75,-0.0016283,-0.070746,0.069946,0.10002,-0.0016283,-0.070746,0.069946,0.020659,0.0025269,0.023314,0.018178,-16.476,0.29862,1.14,0.026835,0.10329,-0.22727,0,0,0,0,0,1,2.35,3.5,2.35,1.5
-0.012089,314.72,0.0017382,-0.07153,0.071224,0.10142,0.0017382,-0.07153,0.071224,0.020625,0.0025313,0.023314,0.018147,-16.475,0.29906,1.14,0.047222,0.10171,-0.21698,0,0,0,0,0,1,2.3667,3.5,2.3667,1.5
-0.013046,314.7,0.0051047,-0.072314,0.072503,0.10281,0.0051047,-0.072314,0.072503,0.020592,0.0025357,0.023314,0.018116,-16.475,0.2995,1.1401,0.067609,0.10013,-0.20669,0,0,0,0,0,1,2.3833,3.5,2.3833,1.5
-0.014003,314.68,0.0084712,-0.073097,0.073781,0.1042,0.0084712,-0.073097,0.073781,0.020558,0.0025402,0.023314,0.018085,-16.475,0.29994,1.1401,0.087996,0.098543,-0.19641,0,0,0,0,0,1,2.4,3.5,2.4,1.5
-0.014745,314.7,0.010742,-0.073758,0.076981,0.1073,0.010742,-0.073758,0.076981,0.020491,0.0025627,0.023376,0.018026,-16.475,0.29903,1.14,0.10661,0.10027,-0.18676,0,0,0,0,0,1,2.4167,3.5,2.4167,1.5
-0.015487,314.71,0.013013,-0.074418,0.08018,0.11039,0.013013,-0.074418,0.08018,0.020425,0.0025853,0.023439,0.017967,-16.475,0.29812,1.1399,0.12522,0.10199,-0.17712,0,0,0,0,0,1,2.4333,3.5,2.4333,1.5
-0.01623,314.72,0.015283,-0.075078,0.083379,0.11348,0.015283,-0.075078,0.083379,0.020359,0.0026078,0.023501,0.017908,-16.475,0.29722,1.1399,0.14384,0.10371,-0.16747,0,0,0,0,0,1,2.45,3.5,2.45,1.5
-0.016972,314.73,0.017554,-0.075738,0.086579,0.11658,0.017554,-0.075738,0.086579,0.020292,0.0026304,0.023563,0.017849,-16.474,0.29631,1.1398,0.16245,0.10543,-0.15783,0,0,0,0,0,1,2.4667,3.5,2.4667,1.5
-0.017714,314.75,0.019825,-0.076398,0.089778,0.11967,0.019825,-0.076398,0.089778,0.020226,0.002653,0.023625,0.01779,-16.474,0.2954,1.1397,0.18107,0.10716,-0.14818,0,0,0,0,0,1,2.4833,3.5,2.4833,1.5
-0.018456,314.76,0.022096,-0.077059,0.092977,0.12276,0.022096,-0.077059,0.092977,0.02016,0.0026755,0.023687,0.017731,-16.474,0.29449,1.1396,0.19968,0.10888,-0.13853,0,0,0,0,0,1,2.5,3.5,2.5,1.5
-0.018768,314.81,0.023415,-0.077681,0.097804,0.12719,0.023415,-0.077681,0.097804,0.020064,0.0027095,0.023776,0.017647,-16.474,0.29236,1.1395,0.21503,0.11413,-0.1302,0,0,0,0,0,1,2.5167,3.5,2.5167,1.5
-0.019079,314.85,0.024734,-0.078304,0.10263,0.13162,0.024734,-0.078304,0.10263,0.019968,0.0027435,0.023864,0.017563,-16.474,0.29023,1.1393,0.23038,0.11938,-0.12187,0,0,0,0,0,1,2.5333,3.5,2.5333,1.5
-0.01939,314.9,0.026053,-0.078927,0.10746,0.13604,0.026053,-0.078927,0.10746,0.019872,0.0027774,0.023953,0.017479,-16.474,0.28811,1.1392,0.24573,0.12462,-0.11354,0,0,0,0,0,1,2.55,3.5,2.55,1.5
-0.019701,314.94,0.027372,-0.07955,0.11228,0.14047,0.027372,-0.07955,0.11228,0.019777,0.0028114,0.024042,0.017396,-16.474,0.28598,1.139,0.26108,0.12987,-0.10521,0,0,0,0,0,1,2.5667,3.5,2.5667,1.5
-0.020012,314.99,0.028691,-0.080172,0.11711,0.1449,0.028691,-0.080172,0.11711,0.019681,0.0028454,0.02413,0.017312,-16.474,0.28385,1.1389,0.27643,0.13512,-0.096885,0,0,0,0,0,1,2.5833,3.5,2.5833,1.5
-0.020323,315.03,0.030011,-0.080795,0.12194,0.14932,0.030011,-0.080795,0.12194,0.019585,0.0028793,0.024219,0.017228,-16.474,0.28172,1.1387,0.29178,0.14037,-0.088555,0,0,0,0,0,1,2.6,3.5,2.6,1.5
-0.020136,315.11,0.030569,-0.081425,0.128,0.15487,0.030569,-0.081425,0.128,0.019467,0.0029159,0.024295,0.017126,-16.474,0.27836,1.1385,0.30286,0.14903,-0.082172,0,0,0,0,0,1,2.6167,3.5,2.6167,1.5
-0.019949,315.2,0.031127,-0.082056,0.13407,0.16041,0.031127,-0.082056,0.13407,0.019348,0.0029525,0.024371,0.017025,-16.473,0.27499,1.1383,0.31393,0.1577,-0.07579,0,0,0,0,0,1,2.6333,3.5,2.6333,1.5
-0.019762,315.28,0.031685,-0.082686,0.14014,0.16596,0.031685,-0.082686,0.14014,0.01923,0.002989,0.024447,0.016923,-16.473,0.27162,1.1381,0.325,0.16636,-0.069407,0,0,0,0,0,1,2.65,3.5,2.65,1.5
-0.019575,315.36,0.032243,-0.083316,0.14621,0.1715,0.032243,-0.083316,0.14621,0.019112,0.0030256,0.024523,0.016821,-16.473,0.26826,1.1378,0.33607,0.17502,-0.063025,0,0,0,0,0,1,2.6667,3.5,2.6667,1.5
-0.019388,315.44,0.032801,-0.083947,0.15228,0.17705,0.032801,-0.083947,0.15228,0.018993,0.0030621,0.0246,0.016719,-16.473,0.26489,1.1376,0.34715,0.18369,-0.056642,0,0,0,0,0,1,2.6833,3.5,2.6833,1.5
-0.019201,315.52,0.03336,-0.084577,0.15834,0.18259,0.03336,-0.084577,0.15834,0.018875,0.0030987,0.024676,0.016618,-16.473,0.26153,1.1374,0.35822,0.19235,-0.05026,0,0,0,0,0,1,2.7,3.5,2.7,1.5
-0.018487,315.64,0.033383,-0.085236,0.16522,0.18897,0.033383,-0.085236,0.16522,0.018743,0.0031287,0.024708,0.016506,-16.473,0.25672,1.137,0.36414,0.20398,-0.046333,0,0,0,0,0,1,2.7167,3.5,2.7167,1.5
-0.017772,315.75,0.033406,-0.085895,0.17209,0.19536,0.033406,-0.085895,0.17209,0.018611,0.0031586,0.02474,0.016394,-16.473,0.25191,1.1367,0.37007,0.21561,-0.042406,0,0,0,0,0,1,2.7333,3.5,2.7333,1.5
-0.017058,315.87,0.033428,-0.086554,0.17896,0.20174,0.033428,-0.086554,0.17896,0.018479,0.0031886,0.024772,0.016283,-16.473,0.24709,1.1364,0.37599,0.22724,-0.038479,0,0,0,0,0,1,2.75,3.5,2.75,1.5
-0.016343,315.99,0.033451,-0.087213,0.18584,0.20812,0.033451,-0.087213,0.18584,0.018347,0.0032186,0.024804,0.016171,-16.474,0.24228,1.1361,0.38191,0.23888,-0.034552,0,0,0,0,0,1,2.7667,3.5,2.7667,1.5
-0.015629,316.11,0.033474,-0.087872,0.19271,0.21451,0.033474,-0.087872,0.19271,0.018215,0.0032486,0.024836,0.016059,-16.474,0.23747,1.1357,0.38784,0.25051,-0.030625,0,0,0,0,0,1,2.7833,3.5,2.7833,1.5
-0.014914,316.23,0.033497,-0.08853,0.19958,0.22089,0.033497,-0.08853,0.19958,0.018083,0.0032786,0.024868,0.015948,-16.474,0.23266,1.1354,0.39376,0.26214,-0.026698,0,0,0,0,0,1,2.8,3.5,2.8,1.5
-0.013589,316.38,0.033249,-0.089227,0.20674,0.22768,0.033249,-0.089227,0.20674,0.017945,0.0032943,0.024836,0.015833,-16.474,0.22604,1.135,0.39311,0.27588,-0.025503,0,0,0,0,0,1,2.8167,3.5,2.8167,1.5
-0.012264,316.54,0.033,-0.089925,0.21391,0.23447,0.033,-0.089925,0.21391,0.017807,0.0033101,0.024804,0.015718,-16.474,0.21942,1.1345,0.39247,0.28963,-0.024309,0,0,0,0,0,1,2.8333,3.5,2.8333,1.5
-0.010938,316.7,0.032751,-0.090622,0.22107,0.24126,0.032751,-0.090622,0.22107,0.017669,0.0033259,0.024772,0.015603,-16.474,0.2128,1.1341,0.39182,0.30337,-0.023114,0,0,0,0,0,1,2.85,3.5,2.85,1.5
-0.009613,316.85,0.032502,-0.091319,0.22823,0.24805,0.032502,-0.091319,0.22823,0.017531,0.0033417,0.02474,0.015488,-16.474,0.20619,1.1337,0.39117,0.31712,-0.021919,0,0,0,0,0,1,2.8667,3.5,2.8667,1.5
-0.0082876,317.01,0.032253,-0.092016,0.23539,0.25485,0.032253,-0.092016,0.23539,0.017393,0.0033575,0.024708,0.015373,-16.474,0.19957,1.1332,0.39053,0.33086,-0.020724,0,0,0,0,0,1,2.8833,3.5,2.8833,1.5
-0.0069622,317.17,0.032005,-0.092713,0.24256,0.26164,0.032005,-0.092713,0.24256,0.017254,0.0033733,0.024676,0.015258,-16.474,0.19295,1.1328,0.38988,0.34461,-0.019529,0,0,0,0,0,1,2.9,3.5,2.9,1.5
-0.0048889,317.36,0.031771,-0.09344,0.2493,0.26816,0.031771,-0.09344,0.2493,0.017114,0.0033715,0.024576,0.015143,-16.475,0.18407,1.1322,0.38004,0.35913,-0.020831,0,0,0,0,0,1,2.9167,3.5,2.9167,1.5
-0.0028156,317.55,0.031537,-0.094168,0.25605,0.27469,0.031537,-0.094168,0.25605,0.016974,0.0033697,0.024475,0.015028,-16.475,0.1752,1.1316,0.3702,0.37365,-0.022134,0,0,0,0,0,1,2.9333,3.5,2.9333,1.5
-0.00074228,317.74,0.031304,-0.094895,0.2628,0.28121,0.031304,-0.094895,0.2628,0.016833,0.0033679,0.024375,0.014913,-16.475,0.16632,1.131,0.36037,0.38817,-0.023436,0,0,0,0,0,1,2.95,3.5,2.95,1.5
0.001331,317.94,0.03107,-0.095622,0.26955,0.28774,0.03107,-0.095622,0.26955,0.016693,0.0033661,0.024275,0.014798,-16.475,0.15744,1.1304,0.35053,0.4027,-0.024738,0,0,0,0,0,1,2.9667,3.5,2.9667,1.5
0.0034043,318.13,0.030836,-0.09635,0.2763,0.29426,0.030836,-0.09635,0.2763,0.016552,0.0033643,0.024174,0.014683,-16.475,0.14857,1.1298,0.34069,0.41722,-0.02604,0,0,0,0,0,1,2.9833,3.5,2.9833,1.5
0.0054777,318.32,0.030602,-0.097077,0.28304,0.30079,0.030602,-0.097077,0.28304,0.016412,0.0033625,0.024074,0.014568,-16.476,0.13969,1.1292,0.33085,0.43174,-0.027343,0,0,0,0,0,1,3,3.5,3,1.5
0.0082339,318.47,0.030645,-0.097789,0.28832,0.306,0.030645,-0.097789,0.28832,0.016273,0.0033472,0.023924,0.014453,-16.476,0.13247,1.1288,0.31311,0.4453,-0.030171,0,0,0,0,0,1,3.0167,3.5,3.0167,1.5
0.01099,318.62,0.030688,-0.0985,0.29359,0.3112,0.030688,-0.0985,0.29359,0.016135,0.003332,0.023774,0.014339,-16.476,0.12524,1.1283,0.29537,0.45886,-0.033,0,0,0,0,0,1,3.0333,3.5,3.0333,1.5
0.013746,318.77,0.030731,-0.099212,0.29886,0.31641,0.030731,-0.099212,0.29886,0.015997,0.0033167,0.023624,0.014224,-16.477,0.11802,1.1278,0.27763,0.47242,-0.035829,0,0,0,0,0,1,3.05,3.5,3.05,1.5
0.016503,318.91,0.030774,-0.099923,0.30413,0.32162,0.030774,-0.099923,0.30413,0.015858,0.0033014,0.023474,0.014109,-16.477,0.1108,1.1274,0.2599,0.48599,-0.038658,0,0,0,0,0,1,3.0667,3.5,3.0667,1.5
0.019259,319.06,0.030818,-0.10063,0.3094,0.32682,0.030818,-0.10063,0.3094,0.01572,0.0032862,0.023324,0.013994,-16.477,0.10357,1.1269,0.24216,0.49955,-0.041486,0,0,0,0,0,1,3.0833,3.5,3.0833,1.5
0.022015,319.21,0.030861,-0.10135,0.31468,0.33203,0.030861,-0.10135,0.31468,0.015582,0.0032709,0.023174,0.01388,-16.477,0.096348,1.1264,0.22442,0.51311,-0.044315,0,0,0,0,0,1,3.1,3.5,3.1,1.5
0.025041,319.26,0.031341,-0.10197,0.31798,0.3354,0.031341,-0.10197,0.31798,0.01545,0.0032493,0.023002,0.013767,-16.478,0.09343,1.1262,0.20627,0.52427,-0.047356,0,0,0,0,0,1,3.1167,3.5,3.1167,1.5
0.028067,319.31,0.031821,-0.1026,0.32128,0.33877,0.031821,-0.1026,0.32128,0.015318,0.0032277,0.022831,0.013654,-16.478,0.090511,1.1261,0.18813,0.53542,-0.050397,0,0,0,0,0,1,3.1333,3.5,3.1333,1.5
0.031092,319.36,0.032301,-0.10323,0.32458,0.34213,0.032301,-0.10323,0.32458,0.015187,0.0032061,0.02266,0.013542,-16.478,0.087592,1.1259,0.16998,0.54658,-0.053438,0,0,0,0,0,1,3.15,3.5,3.15,1.5
0.034118,319.41,0.032782,-0.10385,0.32789,0.3455,0.032782,-0.10385,0.32789,0.015055,0.0031845,0.022488,0.013429,-16.479,0.084674,1.1257,0.15184,0.55773,-0.056479,0,0,0,0,0,1,3.1667,3.5,3.1667,1.5
0.037144,319.46,0.033262,-0.10448,0.33119,0.34887,0.033262,-0.10448,0.33119,0.014924,0.0031628,0.022317,0.013316,-16.479,0.081755,1.1255,0.13369,0.56889,-0.05952,0,0,0,0,0,1,3.1833,3.5,3.1833,1.5
0.040169,319.51,0.033742,-0.10511,0.33449,0.35224,0.033742,-0.10511,0.33449,0.014792,0.0031412,0.022146,0.013204,-16.479,0.078837,1.1254,0.11555,0.58004,-0.062561,0,0,0,0,0,1,3.2,3.5,3.2,1.5
0.043057,319.5,0.034704,-0.10559,0.33622,0.35412,0.034704,-0.10559,0.33622,0.014671,0.0031159,0.021967,0.013098,-16.48,0.078025,1.1253,0.10137,0.58823,-0.06507,0,0,0,0,0,1,3.2167,3.5,3.2167,1.5
0.045944,319.5,0.035666,-0.10608,0.33794,0.356,0.035666,-0.10608,0.33794,0.014549,0.0030905,0.021788,0.012992,-16.48,0.077214,1.1253,0.087204,0.59642,-0.067579,0,0,0,0,0,1,3.2333,3.5,3.2333,1.5
0.048832,319.49,0.036628,-0.10656,0.33967,0.35788,0.036628,-0.10656,0.33967,0.014427,0.0030652,0.021609,0.012886,-16.48,0.076403,1.1253,0.073034,0.60462,-0.070088,0,0,0,0,0,1,3.25,3.5,3.25,1.5
0.051719,319.48,0.037589,-0.10705,0.34139,0.35976,0.037589,-0.10705,0.34139,0.014306,0.0030398,0.02143,0.01278,-16.481,0.075592,1.1252,0.058863,0.61281,-0.072598,0,0,0,0,0,1,3.2667,3.5,3.2667,1.5
0.054607,319.47,0.038551,-0.10753,0.34312,0.36164,0.038551,-0.10753,0.34312,0.014184,0.0030145,0.021251,0.012674,-16.481,0.074781,1.1252,0.044693,0.621,-0.075107,0,0,0,0,0,1,3.2833,3.5,3.2833,1.5
0.057494,319.46,0.039513,-0.10802,0.34484,0.36352,0.039513,-0.10802,0.34484,0.014062,0.0029891,0.021072,0.012568,-16.481,0.07397,1.1252,0.030522,0.62919,-0.077616,0,0,0,0,0,1,3.3,3.5,3.3,1.5
0.059932,319.41,0.040939,-0.10833,0.34535,0.36426,0.040939,-0.10833,0.34535,0.013953,0.0029595,0.020886,0.012471,-16.482,0.074338,1.1252,0.018972,0.63439,-0.079562,0,0,0,0,0,1,3.3167,3.5,3.3167,1.5
0.062369,319.36,0.042365,-0.10863,0.34585,0.365,0.042365,-0.10863,0.34585,0.013843,0.0029298,0.020699,0.012374,-16.482,0.074705,1.1253,0.0074217,0.63958,-0.081508,0,0,0,0,0,1,3.3333,3.5,3.3333,1.5
0.064807,319.31,0.043791,-0.10894,0.34636,0.36574,0.043791,-0.10894,0.34636,0.013733,0.0029001,0.020513,0.012278,-16.482,0.075072,1.1253,-0.0041285,0.64477,-0.083454,0,0,0,0,0,1,3.35,3.5,3.35,1.5
0.067245,319.26,0.045216,-0.10925,0.34686,0.36648,0.045216,-0.10925,0.34686,0.013623,0.0028704,0.020327,0.012181,-16.483,0.07544,1.1253,-0.015679,0.64996,-0.085401,0,0,0,0,0,1,3.3667,3.5,3.3667,1.5
0.069683,319.21,0.046642,-0.10956,0.34737,0.36722,0.046642,-0.10956,0.34737,0.013513,0.0028407,0.02014,0.012084,-16.483,0.075807,1.1254,-0.027229,0.65516,-0.087347,0,0,0,0,0,1,3.3833,3.5,3.3833,1.5
0.072121,319.16,0.048068,-0.10987,0.34787,0.36796,0.048068,-0.10987,0.34787,0.013404,0.002811,0.019954,0.011988,-16.483,0.076174,1.1254,-0.038779,0.66035,-0.089293,0,0,0,0,0,1,3.4,3.5,3.4,1.5
0.073893,319.08,0.049912,-0.10999,0.34728,0.36771,0.049912,-0.10999,0.34728,0.013306,0.002777,0.01976,0.011901,-16.483,0.077493,1.1255,-0.049824,0.66271,-0.090697,0,0,0,0,0,1,3.4167,3.5,3.4167,1.5
0.075666,319,0.051755,-0.11012,0.34668,0.36746,0.051755,-0.11012,0.34668,0.013208,0.0027431,0.019566,0.011813,-16.484,0.078813,1.1257,-0.060869,0.66506,-0.092101,0,0,0,0,0,1,3.4333,3.5,3.4333,1.5
0.077439,318.92,0.053599,-0.11024,0.34609,0.3672,0.053599,-0.11024,0.34609,0.01311,0.0027091,0.019373,0.011726,-16.484,0.080132,1.1258,-0.071914,0.66742,-0.093505,0,0,0,0,0,1,3.45,3.5,3.45,1.5
0.079212,318.83,0.055442,-0.11036,0.34549,0.36695,0.055442,-0.11036,0.34549,0.013013,0.0026751,0.019179,0.011639,-16.484,0.081451,1.1259,-0.082959,0.66978,-0.094909,0,0,0,0,0,1,3.4667,3.5,3.4667,1.5
0.080985,318.75,0.057286,-0.11049,0.3449,0.36669,0.057286,-0.11049,0.3449,0.012915,0.0026411,0.018985,0.011552,-16.485,0.082771,1.126,-0.094004,0.67214,-0.096313,0,0,0,0,0,1,3.4833,3.5,3.4833,1.5
0.082758,318.67,0.059129,-0.11061,0.3443,0.36644,0.059129,-0.11061,0.3443,0.012817,0.0026071,0.018791,0.011465,-16.485,0.08409,1.1261,-0.10505,0.6745,-0.097717,0,0,0,0,0,1,3.5,3.5,3.5,1.5
0.084256,318.56,0.0613,-0.11057,0.34255,0.36518,0.0613,-0.11057,0.34255,0.012729,0.00257,0.018592,0.011386,-16.485,0.086455,1.1263,-0.11665,0.67444,-0.098728,0,0,0,0,0,1,3.5167,3.5,3.5167,1.5
0.085754,318.44,0.063471,-0.11053,0.3408,0.36393,0.063471,-0.11053,0.3408,0.012642,0.002533,0.018392,0.011306,-16.485,0.08882,1.1264,-0.12826,0.67438,-0.099739,0,0,0,0,0,1,3.5333,3.5,3.5333,1.5
0.087251,318.33,0.065642,-0.11049,0.33905,0.36267,0.065642,-0.11049,0.33905,0.012554,0.0024959,0.018193,0.011227,-16.486,0.091184,1.1266,-0.13986,0.67432,-0.10075,0,0,0,0,0,1,3.55,3.5,3.55,1.5
0.088749,318.21,0.067812,-0.11045,0.33731,0.36142,0.067812,-0.11045,0.33731,0.012466,0.0024588,0.017993,0.011148,-16.486,0.093549,1.1268,-0.15146,0.67426,-0.10176,0,0,0,0,0,1,3.5667,3.5,3.5667,1.5
0.090247,318.1,0.069983,-0.11041,0.33556,0.36016,0.069983,-0.11041,0.33556,0.012378,0.0024218,0.017794,0.011068,-16.486,0.095914,1.127,-0.16307,0.67421,-0.10277,0,0,0,0,0,1,3.5833,3.5,3.5833,1.5
0.091745,317.98,0.072154,-0.11037,0.33381,0.35891,0.072154,-0.11037,0.33381,0.012291,0.0023847,0.017594,0.010989,-16.486,0.098279,1.1271,-0.17467,0.67415,-0.10378,0,0,0,0,0,1,3.6,3.5,3.6,1.5
0.092719,317.83,0.074552,-0.11021,0.33083,0.35665,0.074552,-0.11021,0.33083,0.012208,0.0023463,0.017391,0.010913,-16.487,0.10193,1.1274,-0.18633,0.67199,-0.10456,0,0,0,0,0,1,3.6167,3.5,3.6167,1.5
0.093694,317.68,0.076951,-0.11004,0.32785,0.35439,0.076951,-0.11004,0.32785,0.012125,0.0023079,0.017187,0.010837,-16.487,0.10558,1.1277,-0.19799,0.66984,-0.10533,0,0,0,0,0,1,3.6333,3.5,3.6333,1.5
0.094669,317.53,0.07935,-0.10987,0.32487,0.35213,0.07935,-0.10987,0.32487,0.012042,0.0022694,0.016984,0.010761,-16.487,0.10923,1.1279,-0.20966,0.66768,-0.1061,0,0,0,0,0,1,3.65,3.5,3.65,1.5
0.095643,317.38,0.081749,-0.10971,0.3219,0.34988,0.081749,-0.10971,0.3219,0.01196,0.002231,0.01678,0.010686,-16.487,0.11288,1.1282,-0.22132,0.66553,-0.10688,0,0,0,0,0,1,3.6667,3.5,3.6667,1.5
0.096618,317.23,0.084147,-0.10954,0.31892,0.34762,0.084147,-0.10954,0.31892,0.011877,0.0021926,0.016577,0.01061,-16.487,0.11653,1.1284,-0.23298,0.66338,-0.10765,0,0,0,0,0,1,3.6833,3.5,3.6833,1.5
0.097593,317.08,0.086546,-0.10938,0.31594,0.34536,0.086546,-0.10938,0.31594,0.011794,0.0021542,0.016373,0.010534,-16.487,0.12018,1.1287,-0.24464,0.66122,-0.10842,0,0,0,0,0,1,3.7,3.5,3.7,1.5
0.097635,316.89,0.089064,-0.10912,0.31179,0.34223,0.089064,-0.10912,0.31179,0.01171,0.0021158,0.016165,0.010455,-16.488,0.12545,1.1291,-0.25444,0.65748,-0.1086,0,0,0,0,0,1,3.7167,3.5,3.7167,1.5
0.097678,316.7,0.091583,-0.10887,0.30764,0.3391,0.091583,-0.10887,0.30764,0.011625,0.0020774,0.015957,0.010377,-16.488,0.13072,1.1294,-0.26424,0.65373,-0.10877,0,0,0,0,0,1,3.7333,3.5,3.7333,1.5
0.097721,316.51,0.094101,-0.10862,0.30348,0.33597,0.094101,-0.10862,0.30348,0.01154,0.002039,0.015749,0.010298,-16.488,0.13599,1.1298,-0.27404,0.64999,-0.10894,0,0,0,0,0,1,3.75,3.5,3.75,1.5
0.097763,316.32,0.096619,-0.10836,0.29933,0.33285,0.096619,-0.10836,0.29933,0.011455,0.0020006,0.015541,0.01022,-16.488,0.14126,1.1302,-0.28384,0.64625,-0.10912,0,0,0,0,0,1,3.7667,3.5,3.7667,1.5
0.097806,316.12,0.099138,-0.10811,0.29518,0.32972,0.099138,-0.10811,0.29518,0.011371,0.0019622,0.015333,0.010141,-16.488,0.14652,1.1305,-0.29364,0.64251,-0.10929,0,0,0,0,0,1,3.7833,3.5,3.7833,1.5
0.097848,315.93,0.10166,-0.10786,0.29102,0.32659,0.10166,-0.10786,0.29102,0.011286,0.0019238,0.015125,0.010063,-16.488,0.15179,1.1309,-0.30344,0.63876,-0.10946,0,0,0,0,0,1,3.8,3.5,3.8,1.5
0.097267,315.69,0.10414,-0.10753,0.28601,0.32295,0.10414,-0.10753,0.28601,0.011191,0.0018864,0.01491,0.0099743,-16.488,0.15913,1.1314,-0.30801,0.63418,-0.10867,0,0,0,0,0,1,3.8167,3.5,3.8167,1.5
0.096687,315.45,0.10662,-0.1072,0.28099,0.31931,0.10662,-0.1072,0.28099,0.011097,0.001849,0.014696,0.0098861,-16.488,0.16647,1.1319,-0.31258,0.62959,-0.10789,0,0,0,0,0,1,3.8333,3.5,3.8333,1.5
0.096106,315.22,0.1091,-0.10688,0.27597,0.31567,0.1091,-0.10688,0.27597,0.011002,0.0018116,0.014482,0.0097978,-16.488,0.17381,1.1324,-0.31715,0.625,-0.1071,0,0,0,0,0,1,3.85,3.5,3.85,1.5
0.095525,314.98,0.11158,-0.10655,0.27095,0.31203,0.11158,-0.10655,0.27095,0.010907,0.0017742,0.014267,0.0097096,-16.488,0.18115,1.1329,-0.32172,0.62042,-0.10631,0,0,0,0,0,1,3.8667,3.5,3.8667,1.5
0.094944,314.74,0.11406,-0.10623,0.26594,0.30839,0.11406,-0.10623,0.26594,0.010813,0.0017368,0.014053,0.0096213,-16.488,0.18849,1.1334,-0.32629,0.61583,-0.10552,0,0,0,0,0,1,3.8833,3.5,3.8833,1.5
0.094364,314.5,0.11654,-0.1059,0.26092,0.30475,0.11654,-0.1059,0.26092,0.010718,0.0016994,0.013839,0.0095331,-16.488,0.19583,1.1339,-0.33086,0.61125,-0.10473,0,0,0,0,0,1,3.9,3.5,3.9,1.5
0.093215,314.21,0.11882,-0.10549,0.25578,0.30128,0.11882,-0.10549,0.25578,0.010609,0.0016647,0.013622,0.0094307,-16.488,0.20586,1.1346,-0.32488,0.60625,-0.10323,0,0,0,0,0,1,3.9167,3.5,3.9167,1.5
0.092066,313.92,0.12109,-0.10508,0.25065,0.2978,0.12109,-0.10508,0.25065,0.010499,0.00163,0.013406,0.0093284,-16.488,0.2159,1.1353,-0.3189,0.60125,-0.10173,0,0,0,0,0,1,3.9333,3.5,3.9333,1.5
0.090917,313.64,0.12336,-0.10466,0.24551,0.29432,0.12336,-0.10466,0.24551,0.01039,0.0015953,0.01319,0.009226,-16.488,0.22593,1.1359,-0.31292,0.59626,-0.10023,0,0,0,0,0,1,3.95,3.5,3.95,1.5
0.089768,313.35,0.12564,-0.10425,0.24038,0.29085,0.12564,-0.10425,0.24038,0.010281,0.0015606,0.012974,0.0091237,-16.488,0.23596,1.1366,-0.30694,0.59126,-0.098725,0,0,0,0,0,1,3.9667,3.5,3.9667,1.5
0.088619,313.06,0.12791,-0.10384,0.23524,0.28737,0.12791,-0.10384,0.23524,0.010171,0.0015258,0.012757,0.0090213,-16.488,0.246,1.1373,-0.30096,0.58627,-0.097224,0,0,0,0,0,1,3.9833,3.5,3.9833,1.5
0.08747,312.77,0.13019,-0.10343,0.23011,0.2839,0.13019,-0.10343,0.23011,0.010062,0.0014911,0.012541,0.008919,-16.488,0.25603,1.138,-0.29498,0.58127,-0.095723,0,0,0,0,0,1,4,3.5,4,1.5
0.085882,312.53,0.13213,-0.10291,0.22627,0.28163,0.13213,-0.10291,0.22627,0.0099394,0.0014625,0.012341,0.0088062,-16.488,0.26458,1.1385,-0.27923,0.57595,-0.094931,0,0,0,0,0,1,4.0167,3.5,4.0167,1.5
0.084294,312.28,0.13407,-0.1024,0.22243,0.27937,0.13407,-0.1024,0.22243,0.0098169,0.0014338,0.012141,0.0086934,-16.488,0.27313,1.1391,-0.26348,0.57063,-0.094138,0,0,0,0,0,1,4.0333,3.5,4.0333,1.5
0.082705,312.04,0.13602,-0.10188,0.2186,0.27711,0.13602,-0.10188,0.2186,0.0096943,0.0014051,0.011941,0.0085806,-16.488,0.28168,1.1397,-0.24773,0.5653,-0.093346,0,0,0,0,0,1,4.05,3.5,4.05,1.5
0.081117,311.8,0.13796,-0.10137,0.21476,0.27484,0.13796,-0.10137,0.21476,0.0095718,0.0013764,0.011741,0.0084678,-16.488,0.29023,1.1403,-0.23198,0.55998,-0.092554,0,0,0,0,0,1,4.0667,3.5,4.0667,1.5
0.079529,311.55,0.1399,-0.10085,0.21092,0.27258,0.1399,-0.10085,0.21092,0.0094493,0.0013478,0.011541,0.008355,-16.488,0.29878,1.1408,-0.21622,0.55465,-0.091762,0,0,0,0,0,1,4.0833,3.5,4.0833,1.5
0.077941,311.31,0.14184,-0.10034,0.20708,0.27032,0.14184,-0.10034,0.20708,0.0093268,0.0013191,0.011341,0.0082422,-16.488,0.30733,1.1414,-0.20047,0.54933,-0.09097,0,0,0,0,0,1,4.1,3.5,4.1,1.5
0.076015,311.16,0.14351,-0.099685,0.20519,0.26957,0.14351,-0.099685,0.20519,0.0092008,0.0012983,0.011174,0.0081293,-16.488,0.31152,1.1417,-0.18575,0.54301,-0.093177,0,0,0,0,0,1,4.1167,3.5,4.1167,1.5
0.07409,311.01,0.14518,-0.099031,0.2033,0.26882,0.14518,-0.099031,0.2033,0.0090749,0.0012776,0.011007,0.0080163,-16.487,0.31571,1.1419,-0.17103,0.53669,-0.095383,0,0,0,0,0,1,4.1333,3.5,4.1333,1.5
0.072164,310.86,0.14685,-0.098377,0.20141,0.26808,0.14685,-0.098377,0.20141,0.008949,0.0012568,0.01084,0.0079033,-16.487,0.3199,1.1422,-0.15631,0.53037,-0.09759,0,0,0,0,0,1,4.15,3.5,4.15,1.5
0.070238,310.71,0.14852,-0.097722,0.19952,0.26733,0.14852,-0.097722,0.19952,0.008823,0.001236,0.010673,0.0077903,-16.487,0.32409,1.1425,-0.1416,0.52405,-0.099796,0,0,0,0,0,1,4.1667,3.5,4.1667,1.5
0.068313,310.57,0.15019,-0.097068,0.19763,0.26659,0.15019,-0.097068,0.19763,0.0086971,0.0012153,0.010506,0.0076773,-16.487,0.32828,1.1428,-0.12688,0.51773,-0.102,0,0,0,0,0,1,4.1833,3.5,4.1833,1.5
0.066387,310.42,0.15186,-0.096414,0.19574,0.26584,0.15186,-0.096414,0.19574,0.0085711,0.0011945,0.010339,0.0075644,-16.487,0.33247,1.143,-0.11216,0.51141,-0.10421,0,0,0,0,0,1,4.2,3.5,4.2,1.5
0.064162,310.3,0.15351,-0.095538,0.1951,0.26604,0.15351,-0.095538,0.1951,0.0084466,0.00118,0.010201,0.0074542,-16.487,0.33473,1.1432,-0.10599,0.50289,-0.11086,0,0,0,0,0,1,4.2167,3.5,4.2167,1.5
0.061937,310.18,0.15516,-0.094663,0.19445,0.26623,0.15516,-0.094663,0.19445,0.008322,0.0011655,0.010063,0.007344,-16.487,0.337,1.1433,-0.09982,0.49438,-0.11752,0,0,0,0,0,1,4.2333,3.5,4.2333,1.5
0.059712,310.06,0.15681,-0.093787,0.19381,0.26643,0.15681,-0.093787,0.19381,0.0081974,0.001151,0.009925,0.0072339,-16.486,0.33926,1.1435,-0.093651,0.48587,-0.12418,0,0,0,0,0,1,4.25,3.5,4.25,1.5
0.057487,309.94,0.15846,-0.092911,0.19316,0.26662,0.15846,-0.092911,0.19316,0.0080728,0.0011366,0.0097868,0.0071237,-16.486,0.34153,1.1436,-0.087483,0.47736,-0.13083,0,0,0,0,0,1,4.2667,3.5,4.2667,1.5
0.055262,309.82,0.16012,-0.092036,0.19252,0.26682,0.16012,-0.092036,0.19252,0.0079483,0.0011221,0.0096487,0.0070136,-16.486,0.34379,1.1437,-0.081314,0.46885,-0.13749,0,0,0,0,0,1,4.2833,3.5,4.2833,1.5
0.053037,309.71,0.16177,-0.09116,0.19188,0.26701,0.16177,-0.09116,0.19188,0.0078237,0.0011076,0.0095106,0.0069034,-16.486,0.34605,1.1439,-0.075145,0.46033,-0.14414,0,0,0,0,0,1,4.3,3.5,4.3,1.5
0.050705,309.59,0.16372,-0.08993,0.19161,0.26764,0.16372,-0.08993,0.19161,0.0076957,0.0010968,0.0093865,0.0067912,-16.486,0.34757,1.144,-0.077606,0.44872,-0.15502,0,0,0,0,0,1,4.3167,3.5,4.3167,1.5
0.048373,309.46,0.16568,-0.0887,0.19135,0.26828,0.16568,-0.0887,0.19135,0.0075678,0.001086,0.0092623,0.0066791,-16.486,0.34909,1.144,-0.080067,0.43711,-0.1659,0,0,0,0,0,1,4.3333,3.5,4.3333,1.5
0.046041,309.34,0.16763,-0.08747,0.19109,0.26891,0.16763,-0.08747,0.19109,0.0074398,0.0010752,0.0091382,0.0065669,-16.485,0.3506,1.1441,-0.082527,0.4255,-0.17679,0,0,0,0,0,1,4.35,3.5,4.35,1.5
0.043709,309.22,0.16959,-0.08624,0.19083,0.26954,0.16959,-0.08624,0.19083,0.0073118,0.0010644,0.009014,0.0064547,-16.485,0.35212,1.1442,-0.084988,0.41389,-0.18767,0,0,0,0,0,1,4.3667,3.5,4.3667,1.5
0.041378,309.1,0.17154,-0.08501,0.19057,0.27017,0.17154,-0.08501,0.19057,0.0071839,0.0010536,0.0088898,0.0063426,-16.485,0.35364,1.1443,-0.087449,0.40227,-0.19855,0,0,0,0,0,1,4.3833,3.5,4.3833,1.5
0.039046,308.98,0.1735,-0.08378,0.1903,0.27081,0.1735,-0.08378,0.1903,0.0070559,0.0010428,0.0087657,0.0062304,-16.485,0.35516,1.1444,-0.089909,0.39066,-0.20943,0,0,0,0,0,1,4.4,3.5,4.4,1.5
0.036913,308.85,0.17604,-0.082045,0.18962,0.27152,0.17604,-0.082045,0.18962,0.0069218,0.0010335,0.0086434,0.0061133,-16.484,0.35654,1.1445,-0.09966,0.3756,-0.22264,0,0,0,0,0,1,4.4167,3.5,4.4167,1.5
0.03478,308.71,0.17858,-0.080309,0.18894,0.27224,0.17858,-0.080309,0.18894,0.0067876,0.0010243,0.0085211,0.0059962,-16.484,0.35792,1.1445,-0.10941,0.36053,-0.23586,0,0,0,0,0,1,4.4333,3.5,4.4333,1.5
0.032647,308.58,0.18113,-0.078573,0.18825,0.27296,0.18113,-0.078573,0.18825,0.0066535,0.001015,0.0083988,0.0058792,-16.484,0.35931,1.1446,-0.11916,0.34546,-0.24907,0,0,0,0,0,1,4.45,3.5,4.45,1.5
0.030513,308.45,0.18367,-0.076837,0.18757,0.27367,0.18367,-0.076837,0.18757,0.0065193,0.0010057,0.0082765,0.0057621,-16.484,0.36069,1.1447,-0.12891,0.33039,-0.26229,0,0,0,0,0,1,4.4667,3.5,4.4667,1.5
0.028381,308.32,0.18622,-0.075101,0.18688,0.27439,0.18622,-0.075101,0.18688,0.0063852,0.00099647,0.0081543,0.0056451,-16.483,0.36207,1.1448,-0.13866,0.31533,-0.2755,0,0,0,0,0,1,4.4833,3.5,4.4833,1.5
0.026247,308.18,0.18876,-0.073366,0.1862,0.27511,0.18876,-0.073366,0.1862,0.0062511,0.0009872,0.008032,0.005528,-16.483,0.36346,1.1448,-0.14841,0.30026,-0.28871,0,0,0,0,0,1,4.5,3.5,4.5,1.5
0.02444,308.05,0.19205,-0.071035,0.18434,0.27569,0.19205,-0.071035,0.18434,0.0061095,0.00097805,0.0079033,0.0054041,-16.483,0.36502,1.1449,-0.16403,0.28221,-0.30049,0,0,0,0,0,1,4.5167,3.5,4.5167,1.5
0.022632,307.91,0.19533,-0.068705,0.18247,0.27627,0.19533,-0.068705,0.18247,0.005968,0.0009689,0.0077746,0.0052803,-16.483,0.36659,1.145,-0.17964,0.26416,-0.31226,0,0,0,0,0,1,4.5333,3.5,4.5333,1.5
0.020825,307.77,0.19862,-0.066375,0.18061,0.27685,0.19862,-0.066375,0.18061,0.0058265,0.00095975,0.0076459,0.0051565,-16.482,0.36815,1.1451,-0.19525,0.24612,-0.32403,0,0,0,0,0,1,4.55,3.5,4.55,1.5
0.019017,307.64,0.2019,-0.064045,0.17875,0.27744,0.2019,-0.064045,0.17875,0.0056849,0.0009506,0.0075172,0.0050326,-16.482,0.36972,1.1452,-0.21086,0.22807,-0.3358,0,0,0,0,0,1,4.5667,3.5,4.5667,1.5
0.017209,307.5,0.20519,-0.061714,0.17688,0.27802,0.20519,-0.061714,0.17688,0.0055434,0.00094145,0.0073885,0.0049088,-16.482,0.37128,1.1453,-0.22648,0.21002,-0.34758,0,0,0,0,0,1,4.5833,3.5,4.5833,1.5
0.015402,307.36,0.20847,-0.059384,0.17502,0.2786,0.20847,-0.059384,0.17502,0.0054019,0.0009323,0.0072598,0.0047849,-16.482,0.37285,1.1454,-0.24209,0.19198,-0.35935,0,0,0,0,0,1,4.6,3.5,4.6,1.5
0.013522,307.25,0.21237,-0.056553,0.17125,0.27895,0.21237,-0.056553,0.17125,0.0052454,0.00092318,0.0071167,0.0046471,-16.481,0.37471,1.1455,-0.26308,0.17262,-0.36438,0,0,0,0,0,1,4.6167,3.5,4.6167,1.5
0.011642,307.13,0.21628,-0.053722,0.16748,0.2793,0.21628,-0.053722,0.16748,0.005089,0.00091405,0.0069737,0.0045093,-16.481,0.37657,1.1456,-0.28408,0.15326,-0.36941,0,0,0,0,0,1,4.6333,3.5,4.6333,1.5
0.0097626,307.02,0.22018,-0.050891,0.16371,0.27966,0.22018,-0.050891,0.16371,0.0049326,0.00090492,0.0068306,0.0043715,-16.481,0.37843,1.1457,-0.30507,0.13391,-0.37444,0,0,0,0,0,1,4.65,3.5,4.65,1.5
0.007883,306.91,0.22409,-0.04806,0.15994,0.28001,0.22409,-0.04806,0.15994,0.0047761,0.00089579,0.0066875,0.0042337,-16.48,0.38029,1.1458,-0.32607,0.11455,-0.37946,0,0,0,0,0,1,4.6667,3.5,4.6667,1.5
0.0060033,306.79,0.22799,-0.045229,0.15616,0.28036,0.22799,-0.045229,0.15616,0.0046197,0.00088666,0.0065445,0.0040959,-16.48,0.38215,1.1459,-0.34706,0.095193,-0.38449,0,0,0,0,0,1,4.6833,3.5,4.6833,1.5
0.0041236,306.68,0.2319,-0.042398,0.15239,0.28071,0.2319,-0.042398,0.15239,0.0044633,0.00087753,0.0064014,0.0039581,-16.48,0.38401,1.146,-0.36806,0.075837,-0.38952,0,0,0,0,0,1,4.7,3.5,4.7,1.5
0.0015122,306.63,0.23593,-0.039389,0.1459,0.28078,0.23593,-0.039389,0.1459,0.004268,0.000871,0.0062269,0.0037853,-16.48,0.3861,1.1461,-0.39922,0.057796,-0.38062,0,0,0,0,0,1,4.7167,3.5,4.7167,1.5
-0.0010991,306.58,0.23995,-0.03638,0.1394,0.28085,0.23995,-0.03638,0.1394,0.0040727,0.00086447,0.0060524,0.0036125,-16.479,0.38818,1.1463,-0.43038,0.039756,-0.37172,0,0,0,0,0,1,4.7333,3.5,4.7333,1.5
-0.0037105,306.53,0.24398,-0.033371,0.13291,0.28091,0.24398,-0.033371,0.13291,0.0038774,0.00085793,0.0058779,0.0034397,-16.479,0.39027,1.1464,-0.46154,0.021715,-0.36282,0,0,0,0,0,1,4.75,3.5,4.75,1.5
-0.0063219,306.48,0.24801,-0.030362,0.12641,0.28098,0.24801,-0.030362,0.12641,0.0036822,0.0008514,0.0057034,0.0032669,-16.479,0.39236,1.1465,-0.4927,0.0036748,-0.35393,0,0,0,0,0,1,4.7667,3.5,4.7667,1.5
-0.0089333,306.43,0.25204,-0.027352,0.11992,0.28105,0.25204,-0.027352,0.11992,0.0034869,0.00084487,0.005529,0.0030941,-16.479,0.39445,1.1466,-0.52386,-0.014365,-0.34503,0,0,0,0,0,1,4.7833,3.5,4.7833,1.5
-0.011545,306.38,0.25607,-0.024343,0.11342,0.28112,0.25607,-0.024343,0.11342,0.0032916,0.00083833,0.0053545,0.0029213,-16.478,0.39654,1.1468,-0.55503,-0.032406,-0.33613,0,0,0,0,0,1,4.8,3.5,4.8,1.5
-0.013558,306.46,0.25895,-0.021667,0.10264,0.28057,0.25895,-0.021667,0.10264,0.0030098,0.00084366,0.005053,0.0026701,-16.478,0.39859,1.1469,-0.558,-0.048353,-0.079014,0,0,0,0,0,1,4.8167,3.5,4.8167,1.5
-0.015571,306.53,0.26184,-0.018991,0.091862,0.28002,0.26184,-0.018991,0.091862,0.0027279,0.00084898,0.0047515,0.0024188,-16.478,0.40063,1.147,-0.56097,-0.0643,0.17811,0,0,0,0,0,1,4.8333,3.5,4.8333,1.5
-0.017584,306.6,0.26472,-0.016314,0.081083,0.27947,0.26472,-0.016314,0.081083,0.0024461,0.00085431,0.00445,0.0021676,-16.478,0.40268,1.1472,-0.56394,-0.080247,0.43522,0,0,0,0,0,1,4.85,3.5,4.85,1.5
-0.019597,306.68,0.26761,-0.013638,0.070304,0.27891,0.26761,-0.013638,0.070304,0.0021642,0.00085963,0.0041485,0.0019163,-16.478,0.40473,1.1473,-0.56691,-0.096194,0.69234,0,0,0,0,0,1,4.8667,3.5,4.8667,1.5
-0.02161,306.75,0.27049,-0.010961,0.059525,0.27836,0.27049,-0.010961,0.059525,0.0018824,0.00086496,0.0038471,0.0016651,-16.477,0.40677,1.1474,-0.56988,-0.11214,0.94946,0,0,0,0,0,1,4.8833,3.5,4.8833,1.5
-0.023624,306.82,0.27338,-0.008285,0.048746,0.27781,0.27338,-0.008285,0.048746,0.0016005,0.00087028,0.0035456,0.0014138,-16.477,0.40882,1.1475,-0.57285,-0.12809,1.2066,0,0,0,0,0,1,4.9,3.5,4.9,1.5
-0.024073,306.9,0.2743,-0.0071042,0.042009,0.27802,0.2743,-0.0071042,0.042009,0.0014303,0.00087768,0.0033424,0.0012615,-16.477,0.40978,1.1476,-0.55656,-0.13571,1.4547,0,0,0,0,0,1,4.9167,3.5,4.9167,1.5
-0.024523,306.97,0.27523,-0.0059234,0.035272,0.27823,0.27523,-0.0059234,0.035272,0.0012602,0.00088509,0.0031392,0.0011092,-16.477,0.41074,1.1477,-0.54027,-0.14334,1.7028,0,0,0,0,0,1,4.9333,3.5,4.9333,1.5
-0.024973,307.05,0.27616,-0.0047427,0.028535,0.27844,0.27616,-0.0047427,0.028535,0.00109,0.00089249,0.002936,0.00095695,-16.477,0.41171,1.1477,-0.52397,-0.15096,1.9509,0,0,0,0,0,1,4.95,3.5,4.95,1.5
-0.025422,307.13,0.27708,-0.0035619,0.021798,0.27865,0.27708,-0.0035619,0.021798,0.00091988,0.00089989,0.0027328,0.00080466,-16.477,0.41267,1.1478,-0.50768,-0.15859,2.1991,0,0,0,0,0,1,4.9667,3.5,4.9667,1.5
-0.025872,307.2,0.27801,-0.0023812,0.015062,0.27885,0.27801,-0.0023812,0.015062,0.00074972,0.00090729,0.0025296,0.00065236,-16.477,0.41363,1.1478,-0.49139,-0.16621,2.4472,0,0,0,0,0,1,4.9833,3.5,4.9833,1.5
-0.026321,307.28,0.27894,-0.0012004,0.0083248,0.27906,0.27894,-0.0012004,0.0083248,0.00057957,0.00091469,0.0023263,0.00050007,-16.477,0.41459,1.1479,-0.47509,-0.17384,2.6953,0,0,0,0,0,1,5,3.5,5,1.5
