"Q","T","U:0","U:1","U:2","Umag","Ux","Uy","Uz","epsilon","k","nut","p","p_rgh","vorticity:0","vorticity:1","vorticity:2","wallHeatFlux","wallShearStress:0","wallShearStress:1","wallShearStress:2","yPlus","vtkValidPointMask","arc_length","Points:0","Points:1","Points:2"
-0.040044,316.2,0.0055377,-0.0062534,0.027153,0.028409,0.0055377,-0.0062534,0.027153,0.0032237,0.0054983,0.0007928,-16.58,0.24514,-1.3693,-0.031432,0.50444,0,0,0,0,0,1,0,0,2.5,1.5
-0.035755,316.17,0.0048051,0.0061529,0.018961,0.032898,0.0048051,0.0061529,0.018961,0.003253,0.0063915,0.0012042,-16.581,0.24323,-1.3247,0.010148,0.52667,0,0,0,0,0,1,0.023333,0.023333,2.5,1.5
-0.031467,316.14,0.0040724,0.018559,0.010769,0.037387,0.0040724,0.018559,0.010769,0.0032822,0.0072847,0.0016156,-16.581,0.24132,-1.28,0.051727,0.54889,0,0,0,0,0,1,0.046667,0.046667,2.5,1.5
-0.027178,316.12,0.0033398,0.030966,0.0025768,0.041875,0.0033398,0.030966,0.0025768,0.0033115,0.0081779,0.002027,-16.581,0.23942,-1.2353,0.093306,0.57112,0,0,0,0,0,1,0.07,0.07,2.5,1.5
-0.022889,316.09,0.0026072,0.043372,-0.0056154,0.046364,0.0026072,0.043372,-0.0056154,0.0033408,0.0090712,0.0024385,-16.582,0.23751,-1.1907,0.13489,0.59335,0,0,0,0,0,1,0.093333,0.093333,2.5,1.5
-0.016275,316.08,0.0016397,0.058217,-0.016195,0.061087,0.0016397,0.058217,-0.016195,0.0033042,0.010134,0.0031039,-16.582,0.23412,-1.128,0.14665,0.56991,0,0,0,0,0,1,0.11667,0.11667,2.5,1.5
-0.0087298,316.08,0.00057825,0.074037,-0.027729,0.079904,0.00057825,0.074037,-0.027729,0.0032414,0.011265,0.003871,-16.583,0.23015,-1.0581,0.14649,0.52819,0,0,0,0,0,1,0.14,0.14,2.5,1.5
-0.0011852,316.07,-0.00048321,0.089857,-0.039263,0.098721,-0.00048321,0.089857,-0.039263,0.0031785,0.012395,0.004638,-16.584,0.22617,-0.98815,0.14633,0.48648,0,0,0,0,0,1,0.16333,0.16333,2.5,1.5
0.0063595,316.07,-0.0015447,0.10568,-0.050797,0.11754,-0.0015447,0.10568,-0.050797,0.0031157,0.013526,0.0054051,-16.585,0.2222,-0.91824,0.14616,0.44477,0,0,0,0,0,1,0.18667,0.18667,2.5,1.5
0.012856,316.09,-0.00222,0.11624,-0.059338,0.13056,-0.00222,0.11624,-0.059338,0.0030325,0.014381,0.0061327,-16.585,0.21821,-0.86156,0.11889,0.38228,0,0,0,0,0,1,0.21,0.21,2.5,1.5
0.017955,316.16,-0.0023804,0.11979,-0.063886,0.13586,-0.0023804,0.11979,-0.063886,0.0029222,0.014869,0.0068078,-16.586,0.21422,-0.82251,0.055453,0.2921,0,0,0,0,0,1,0.23333,0.23333,2.5,1.5
0.023054,316.23,-0.0025408,0.12333,-0.068434,0.14115,-0.0025408,0.12333,-0.068434,0.002812,0.015357,0.0074828,-16.587,0.21022,-0.78346,-0.0079801,0.20193,0,0,0,0,0,1,0.25667,0.25667,2.5,1.5
0.028153,316.3,-0.0027013,0.12688,-0.072982,0.14645,-0.0027013,0.12688,-0.072982,0.0027017,0.015845,0.0081578,-16.588,0.20622,-0.74441,-0.071413,0.11175,0,0,0,0,0,1,0.28,0.28,2.5,1.5
0.032917,316.37,-0.0027328,0.12973,-0.077042,0.15091,-0.0027328,0.12973,-0.077042,0.002607,0.01634,0.0088204,-16.589,0.2023,-0.70756,-0.13065,0.028767,0,0,0,0,0,1,0.30333,0.30333,2.5,1.5
0.035665,316.49,-0.0019912,0.12839,-0.078171,0.15037,-0.0019912,0.12839,-0.078171,0.0026061,0.016877,0.009408,-16.59,0.19883,-0.68399,-0.16471,-0.011018,0,0,0,0,0,1,0.32667,0.32667,2.5,1.5
0.038412,316.6,-0.0012495,0.12705,-0.079301,0.14982,-0.0012495,0.12705,-0.079301,0.0026053,0.017415,0.0099956,-16.591,0.19536,-0.66041,-0.19877,-0.050804,0,0,0,0,0,1,0.35,0.35,2.5,1.5
0.04116,316.71,-0.00050786,0.12571,-0.080431,0.14928,-0.00050786,0.12571,-0.080431,0.0026044,0.017953,0.010583,-16.592,0.19189,-0.63683,-0.23282,-0.090589,0,0,0,0,0,1,0.37333,0.37333,2.5,1.5
0.043908,316.83,0.0002338,0.12437,-0.081561,0.14873,0.0002338,0.12437,-0.081561,0.0026035,0.01849,0.011171,-16.593,0.18841,-0.61325,-0.26688,-0.13037,0,0,0,0,0,1,0.39667,0.39667,2.5,1.5
0.045076,316.97,0.001492,0.12086,-0.081001,0.14554,0.001492,0.12086,-0.081001,0.002645,0.019068,0.011678,-16.594,0.18576,-0.59458,-0.28721,-0.15421,0,0,0,0,0,1,0.42,0.42,2.5,1.5
0.04598,317.11,0.0028364,0.11698,-0.080161,0.14191,0.0028364,0.11698,-0.080161,0.0026936,0.019652,0.012172,-16.595,0.18323,-0.57673,-0.30524,-0.17539,0,0,0,0,0,1,0.44333,0.44333,2.5,1.5
0.046884,317.26,0.0041807,0.11311,-0.07932,0.13828,0.0041807,0.11311,-0.07932,0.0027421,0.020236,0.012666,-16.596,0.18071,-0.55889,-0.32328,-0.19656,0,0,0,0,0,1,0.46667,0.46667,2.5,1.5
0.047789,317.4,0.0055251,0.10924,-0.078479,0.13464,0.0055251,0.10924,-0.078479,0.0027907,0.02082,0.013159,-16.597,0.17819,-0.54104,-0.34132,-0.21774,0,0,0,0,0,1,0.49,0.49,2.5,1.5
0.047837,317.56,0.0069677,0.10451,-0.077107,0.13012,0.0069677,0.10451,-0.077107,0.0028489,0.0214,0.013609,-16.598,0.17637,-0.52444,-0.35319,-0.23373,0,0,0,0,0,1,0.51333,0.51333,2.5,1.5
0.047243,317.72,0.008484,0.09914,-0.075335,0.12493,0.008484,0.09914,-0.075335,0.0029144,0.021977,0.014025,-16.599,0.17507,-0.50878,-0.36043,-0.24584,0,0,0,0,0,1,0.53667,0.53667,2.5,1.5
0.04665,317.88,0.01,0.093772,-0.073563,0.11974,0.01,0.093772,-0.073563,0.0029799,0.022553,0.014442,-16.6,0.17377,-0.49311,-0.36768,-0.25795,0,0,0,0,0,1,0.56,0.56,2.5,1.5
0.046056,318.04,0.011517,0.088404,-0.071791,0.11454,0.011517,0.088404,-0.071791,0.0030454,0.02313,0.014858,-16.601,0.17248,-0.47745,-0.37492,-0.27006,0,0,0,0,0,1,0.58333,0.58333,2.5,1.5
0.045248,318.2,0.012972,0.082775,-0.069952,0.10922,0.012972,0.082775,-0.069952,0.0031111,0.023691,0.015255,-16.602,0.17155,-0.46181,-0.38066,-0.28084,0,0,0,0,0,1,0.60667,0.60667,2.5,1.5
0.043905,318.35,0.014275,0.076495,-0.067943,0.10355,0.014275,0.076495,-0.067943,0.0031774,0.024214,0.015603,-16.603,0.17156,-0.44625,-0.38261,-0.28829,0,0,0,0,0,1,0.63,0.63,2.5,1.5
0.042561,318.51,0.015579,0.070214,-0.065934,0.097875,0.015579,0.070214,-0.065934,0.0032436,0.024737,0.01595,-16.603,0.17158,-0.43069,-0.38456,-0.29574,0,0,0,0,0,1,0.65333,0.65333,2.5,1.5
0.041218,318.67,0.016882,0.063933,-0.063926,0.092205,0.016882,0.063933,-0.063926,0.0033098,0.025261,0.016297,-16.604,0.17159,-0.41512,-0.38652,-0.30318,0,0,0,0,0,1,0.67667,0.67667,2.5,1.5
0.039875,318.83,0.018186,0.057652,-0.061917,0.086534,0.018186,0.057652,-0.061917,0.003376,0.025784,0.016645,-16.605,0.1716,-0.39956,-0.38847,-0.31063,0,0,0,0,0,1,0.7,0.7,2.5,1.5
0.038769,318.97,0.019045,0.050831,-0.059959,0.081376,0.019045,0.050831,-0.059959,0.0034353,0.026224,0.01692,-16.606,0.17274,-0.38252,-0.39066,-0.3164,0,0,0,0,0,1,0.72333,0.72333,2.5,1.5
0.037663,319.11,0.019905,0.04401,-0.058002,0.076219,0.019905,0.04401,-0.058002,0.0034945,0.026665,0.017196,-16.606,0.17389,-0.36547,-0.39284,-0.32217,0,0,0,0,0,1,0.74667,0.74667,2.5,1.5
0.036557,319.25,0.020765,0.03719,-0.056044,0.071061,0.020765,0.03719,-0.056044,0.0035537,0.027105,0.017472,-16.607,0.17503,-0.34843,-0.39503,-0.32795,0,0,0,0,0,1,0.77,0.77,2.5,1.5
0.035451,319.4,0.021625,0.030369,-0.054086,0.065903,0.021625,0.030369,-0.054086,0.0036129,0.027546,0.017748,-16.608,0.17617,-0.33139,-0.39721,-0.33372,0,0,0,0,0,1,0.79333,0.79333,2.5,1.5
0.035339,319.52,0.022136,0.023307,-0.052085,0.06214,0.022136,0.023307,-0.052085,0.0036647,0.027914,0.017968,-16.608,0.17782,-0.3126,-0.40253,-0.33988,0,0,0,0,0,1,0.81667,0.81667,2.5,1.5
0.035625,319.64,0.022507,0.016148,-0.050068,0.058935,0.022507,0.016148,-0.050068,0.0037134,0.028253,0.018166,-16.609,0.17966,-0.29312,-0.40909,-0.34619,0,0,0,0,0,1,0.84,0.84,2.5,1.5
0.035911,319.76,0.022879,0.008989,-0.04805,0.055729,0.022879,0.008989,-0.04805,0.0037621,0.028592,0.018364,-16.609,0.18151,-0.27364,-0.41566,-0.3525,0,0,0,0,0,1,0.86333,0.86333,2.5,1.5
0.036197,319.88,0.02325,0.0018301,-0.046032,0.052524,0.02325,0.0018301,-0.046032,0.0038108,0.028932,0.018561,-16.61,0.18336,-0.25416,-0.42222,-0.35881,0,0,0,0,0,1,0.88667,0.88667,2.5,1.5
0.037511,319.98,0.023454,-0.0054482,-0.043821,0.050998,0.023454,-0.0054482,-0.043821,0.0038544,0.029223,0.018723,-16.61,0.1853,-0.23362,-0.43121,-0.36583,0,0,0,0,0,1,0.91,0.91,2.5,1.5
0.040197,320.07,0.023434,-0.012886,-0.041353,0.05171,0.023434,-0.012886,-0.041353,0.0038911,0.02945,0.018835,-16.611,0.18736,-0.21167,-0.44341,-0.3738,0,0,0,0,0,1,0.93333,0.93333,2.5,1.5
0.042883,320.17,0.023415,-0.020323,-0.038885,0.052421,0.023415,-0.020323,-0.038885,0.0039278,0.029677,0.018948,-16.611,0.18942,-0.18971,-0.45562,-0.38176,0,0,0,0,0,1,0.95667,0.95667,2.5,1.5
0.045569,320.26,0.023395,-0.027761,-0.036417,0.053133,0.023395,-0.027761,-0.036417,0.0039645,0.029904,0.019061,-16.611,0.19148,-0.16775,-0.46783,-0.38973,0,0,0,0,0,1,0.98,0.98,2.5,1.5
0.048609,320.35,0.023339,-0.035235,-0.033824,0.054401,0.023339,-0.035235,-0.033824,0.0039996,0.030114,0.01916,-16.612,0.19352,-0.14557,-0.48054,-0.39788,0,0,0,0,0,1,1.0033,1.0033,2.5,1.5
0.053777,320.42,0.023063,-0.042928,-0.030482,0.058999,0.023063,-0.042928,-0.030482,0.0040248,0.030226,0.019183,-16.612,0.19539,-0.12202,-0.49628,-0.40711,0,0,0,0,0,1,1.0267,1.0267,2.5,1.5
0.058944,320.48,0.022787,-0.050621,-0.02714,0.063598,0.022787,-0.050621,-0.02714,0.0040499,0.030338,0.019206,-16.612,0.19727,-0.098465,-0.51202,-0.41634,0,0,0,0,0,1,1.05,1.05,2.5,1.5
0.064112,320.55,0.022511,-0.058315,-0.023798,0.068197,0.022511,-0.058315,-0.023798,0.0040751,0.03045,0.019228,-16.612,0.19914,-0.074914,-0.52776,-0.42558,0,0,0,0,0,1,1.0733,1.0733,2.5,1.5
0.06928,320.62,0.022236,-0.066008,-0.020457,0.072795,0.022236,-0.066008,-0.020457,0.0041003,0.030562,0.019251,-16.612,0.20102,-0.051362,-0.5435,-0.43481,0,0,0,0,0,1,1.0967,1.0967,2.5,1.5
0.075268,320.67,0.021827,-0.073838,-0.016202,0.079322,0.021827,-0.073838,-0.016202,0.0041178,0.030584,0.019197,-16.612,0.20252,-0.027895,-0.55849,-0.44329,0,0,0,0,0,1,1.12,1.12,2.5,1.5
0.081393,320.72,0.021396,-0.081691,-0.011795,0.08617,0.021396,-0.081691,-0.011795,0.004134,0.030591,0.019131,-16.612,0.20396,-0.0044409,-0.57336,-0.45163,0,0,0,0,0,1,1.1433,1.1433,2.5,1.5
0.087517,320.77,0.020965,-0.089544,-0.0073884,0.093019,0.020965,-0.089544,-0.0073884,0.0041502,0.030597,0.019065,-16.612,0.2054,0.019013,-0.58822,-0.45998,0,0,0,0,0,1,1.1667,1.1667,2.5,1.5
0.093642,320.82,0.020534,-0.097396,-0.0029815,0.099867,0.020534,-0.097396,-0.0029815,0.0041665,0.030604,0.018999,-16.612,0.20684,0.042467,-0.60309,-0.46833,0,0,0,0,0,1,1.19,1.19,2.5,1.5
0.098792,320.86,0.020032,-0.1052,0.0019343,0.10735,0.020032,-0.1052,0.0019343,0.0041798,0.030562,0.018888,-16.611,0.208,0.064657,-0.61478,-0.47465,0,0,0,0,0,1,1.2133,1.2133,2.5,1.5
0.10321,320.89,0.019477,-0.11296,0.007232,0.11532,0.019477,-0.11296,0.007232,0.0041909,0.030484,0.018743,-16.611,0.20894,0.0859,-0.62408,-0.47944,0,0,0,0,0,1,1.2367,1.2367,2.5,1.5
0.10763,320.92,0.018922,-0.12072,0.01253,0.12329,0.018922,-0.12072,0.01253,0.0042021,0.030406,0.018599,-16.61,0.20988,0.10714,-0.63339,-0.48423,0,0,0,0,0,1,1.26,1.26,2.5,1.5
0.11205,320.95,0.018367,-0.12848,0.017827,0.13125,0.018367,-0.12848,0.017827,0.0042132,0.030328,0.018454,-16.61,0.21083,0.12839,-0.64269,-0.48902,0,0,0,0,0,1,1.2833,1.2833,2.5,1.5
0.11527,320.98,0.017776,-0.13611,0.023229,0.13929,0.017776,-0.13611,0.023229,0.0042241,0.030233,0.018292,-16.609,0.2117,0.14851,-0.64938,-0.49234,0,0,0,0,0,1,1.3067,1.3067,2.5,1.5
0.11548,320.99,0.017095,-0.14339,0.028891,0.14751,0.017095,-0.14339,0.028891,0.0042343,0.030097,0.018087,-16.608,0.21242,0.16583,-0.64952,-0.49196,0,0,0,0,0,1,1.33,1.33,2.5,1.5
0.11569,321.01,0.016414,-0.15068,0.034552,0.15573,0.016414,-0.15068,0.034552,0.0042446,0.029961,0.017882,-16.607,0.21314,0.18315,-0.64966,-0.49157,0,0,0,0,0,1,1.3533,1.3533,2.5,1.5
0.11591,321.03,0.015734,-0.15797,0.040213,0.16394,0.015734,-0.15797,0.040213,0.0042548,0.029825,0.017677,-16.606,0.21386,0.20047,-0.6498,-0.49119,0,0,0,0,0,1,1.3767,1.3767,2.5,1.5
0.11612,321.04,0.015053,-0.16525,0.045875,0.17216,0.015053,-0.16525,0.045875,0.0042651,0.029689,0.017472,-16.605,0.21458,0.21779,-0.64995,-0.49081,0,0,0,0,0,1,1.4,1.4,2.5,1.5
0.11082,321.04,0.014268,-0.17162,0.05114,0.17975,0.014268,-0.17162,0.05114,0.00428,0.02953,0.01723,-16.603,0.21553,0.23014,-0.63915,-0.4848,0,0,0,0,0,1,1.4233,1.4233,2.5,1.5
0.10551,321.04,0.013482,-0.178,0.056404,0.18734,0.013482,-0.178,0.056404,0.0042948,0.029371,0.016989,-16.602,0.21649,0.24249,-0.62836,-0.4788,0,0,0,0,0,1,1.4467,1.4467,2.5,1.5
0.10021,321.04,0.012697,-0.18437,0.061669,0.19494,0.012697,-0.18437,0.061669,0.0043097,0.029211,0.016747,-16.6,0.21744,0.25485,-0.61757,-0.47279,0,0,0,0,0,1,1.47,1.47,2.5,1.5
0.094905,321.03,0.011912,-0.19074,0.066934,0.20253,0.011912,-0.19074,0.066934,0.0043246,0.029052,0.016505,-16.599,0.21839,0.2672,-0.60678,-0.46678,0,0,0,0,0,1,1.4933,1.4933,2.5,1.5
0.085922,321.02,0.011089,-0.19619,0.071338,0.20908,0.011089,-0.19619,0.071338,0.0043492,0.02891,0.016257,-16.597,0.21973,0.27547,-0.58852,-0.45721,0,0,0,0,0,1,1.5167,1.5167,2.5,1.5
0.075467,321,0.010252,-0.20126,0.075398,0.21522,0.010252,-0.20126,0.075398,0.0043776,0.028775,0.016007,-16.595,0.22122,0.28209,-0.56727,-0.44622,0,0,0,0,0,1,1.54,1.54,2.5,1.5
0.065011,320.98,0.0094154,-0.20633,0.079458,0.22136,0.0094154,-0.20633,0.079458,0.0044061,0.02864,0.015756,-16.593,0.22271,0.28872,-0.54603,-0.43523,0,0,0,0,0,1,1.5633,1.5633,2.5,1.5
0.054556,320.96,0.0085784,-0.21141,0.083518,0.22749,0.0085784,-0.21141,0.083518,0.0044345,0.028505,0.015505,-16.591,0.2242,0.29535,-0.52478,-0.42424,0,0,0,0,0,1,1.5867,1.5867,2.5,1.5
0.042617,320.93,0.007777,-0.2158,0.086776,0.23273,0.007777,-0.2158,0.086776,0.0044739,0.028405,0.015264,-16.589,0.22597,0.29912,-0.50009,-0.41167,0,0,0,0,0,1,1.61,1.61,2.5,1.5
0.0287,320.9,0.0070233,-0.2193,0.088965,0.23678,0.0070233,-0.2193,0.088965,0.004528,0.028353,0.015035,-16.587,0.22812,0.2991,-0.47081,-0.39701,0,0,0,0,0,1,1.6333,1.6333,2.5,1.5
0.014784,320.86,0.0062695,-0.2228,0.091153,0.24082,0.0062695,-0.2228,0.091153,0.0045822,0.0283,0.014806,-16.585,0.23026,0.29908,-0.44153,-0.38235,0,0,0,0,0,1,1.6567,1.6567,2.5,1.5
0.00086683,320.83,0.0055158,-0.2263,0.093341,0.24487,0.0055158,-0.2263,0.093341,0.0046363,0.028247,0.014576,-16.582,0.2324,0.29905,-0.41225,-0.36769,0,0,0,0,0,1,1.68,1.68,2.5,1.5
-0.013242,320.79,0.0048073,-0.22955,0.095207,0.24856,0.0048073,-0.22955,0.095207,0.0046959,0.028215,0.014355,-16.58,0.23464,0.29796,-0.38239,-0.35264,0,0,0,0,0,1,1.7033,1.7033,2.5,1.5
-0.0285,320.74,0.00437,-0.23131,0.095135,0.25015,0.00437,-0.23131,0.095135,0.0047883,0.028301,0.014177,-16.578,0.23746,0.29044,-0.34908,-0.33524,0,0,0,0,0,1,1.7267,1.7267,2.5,1.5
-0.043758,320.69,0.0039327,-0.23306,0.095064,0.25174,0.0039327,-0.23306,0.095064,0.0048808,0.028387,0.013998,-16.575,0.24027,0.28292,-0.31576,-0.31784,0,0,0,0,0,1,1.75,1.75,2.5,1.5
-0.059016,320.64,0.0034954,-0.23482,0.094992,0.25334,0.0034954,-0.23482,0.094992,0.0049732,0.028473,0.01382,-16.573,0.24309,0.2754,-0.28245,-0.30044,0,0,0,0,0,1,1.7733,1.7733,2.5,1.5
-0.074274,320.59,0.0030582,-0.23658,0.09492,0.25493,0.0030582,-0.23658,0.09492,0.0050657,0.028559,0.013642,-16.571,0.2459,0.26788,-0.24913,-0.28304,0,0,0,0,0,1,1.7967,1.7967,2.5,1.5
-0.089133,320.52,0.003147,-0.23671,0.092898,0.25434,0.003147,-0.23671,0.092898,0.0051983,0.028794,0.013525,-16.568,0.24922,0.25423,-0.21662,-0.2637,0,0,0,0,0,1,1.82,1.82,2.5,1.5
-0.10393,320.46,0.0033234,-0.23658,0.090551,0.25338,0.0033234,-0.23658,0.090551,0.0053375,0.029054,0.013418,-16.566,0.25262,0.23955,-0.18424,-0.24404,0,0,0,0,0,1,1.8433,1.8433,2.5,1.5
-0.11872,320.39,0.0034999,-0.23645,0.088203,0.25243,0.0034999,-0.23645,0.088203,0.0054767,0.029314,0.013312,-16.564,0.25603,0.22487,-0.15186,-0.22439,0,0,0,0,0,1,1.8667,1.8667,2.5,1.5
-0.13351,320.32,0.0036764,-0.23632,0.085856,0.25147,0.0036764,-0.23632,0.085856,0.005616,0.029574,0.013205,-16.562,0.25943,0.2102,-0.11948,-0.20473,0,0,0,0,0,1,1.89,1.89,2.5,1.5
-0.1474,320.24,0.0043588,-0.23504,0.082388,0.24916,0.0043588,-0.23504,0.082388,0.0057807,0.029931,0.013142,-16.56,0.26306,0.19252,-0.090262,-0.18439,0,0,0,0,0,1,1.9133,1.9133,2.5,1.5
-0.16061,320.15,0.0054206,-0.23291,0.078079,0.24582,0.0054206,-0.23291,0.078079,0.0059644,0.03036,0.013112,-16.558,0.26686,0.17258,-0.063413,-0.16354,0,0,0,0,0,1,1.9367,1.9367,2.5,1.5
-0.17382,320.06,0.0064825,-0.23078,0.073771,0.24249,0.0064825,-0.23078,0.073771,0.0061482,0.03079,0.013081,-16.556,0.27066,0.15265,-0.036563,-0.14268,0,0,0,0,0,1,1.96,1.96,2.5,1.5
-0.18702,319.96,0.0075443,-0.22864,0.069462,0.23915,0.0075443,-0.22864,0.069462,0.006332,0.031219,0.013051,-16.554,0.27445,0.13272,-0.0097141,-0.12183,0,0,0,0,0,1,1.9833,1.9833,2.5,1.5
-0.1996,319.87,0.008897,-0.22594,0.064734,0.23526,0.008897,-0.22594,0.064734,0.0065226,0.031681,0.01304,-16.552,0.27829,0.11199,0.014621,-0.10132,0,0,0,0,0,1,2.0067,2.0067,2.5,1.5
-0.21059,319.75,0.010977,-0.22181,0.058959,0.23,0.010977,-0.22181,0.058959,0.0067305,0.032223,0.013078,-16.55,0.28224,0.089274,0.032671,-0.081707,0,0,0,0,0,1,2.03,2.03,2.5,1.5
-0.22157,319.63,0.013056,-0.21767,0.053183,0.22473,0.013056,-0.21767,0.053183,0.0069385,0.032766,0.013116,-16.548,0.28618,0.066554,0.05072,-0.06209,0,0,0,0,0,1,2.0533,2.0533,2.5,1.5
-0.23256,319.51,0.015136,-0.21354,0.047408,0.21947,0.015136,-0.21354,0.047408,0.0071464,0.033308,0.013154,-16.547,0.29013,0.043834,0.06877,-0.042473,0,0,0,0,0,1,2.0767,2.0767,2.5,1.5
-0.24355,319.39,0.017215,-0.20941,0.041632,0.2142,0.017215,-0.20941,0.041632,0.0073543,0.033851,0.013192,-16.545,0.29407,0.021114,0.08682,-0.022856,0,0,0,0,0,1,2.1,2.1,2.5,1.5
-0.25136,319.26,0.02021,-0.20353,0.035002,0.20788,0.02021,-0.20353,0.035002,0.0075438,0.034398,0.013281,-16.544,0.29787,-0.0015042,0.094309,-0.0081591,0,0,0,0,0,1,2.1233,2.1233,2.5,1.5
-0.25917,319.12,0.023205,-0.19765,0.028371,0.20156,0.023205,-0.19765,0.028371,0.0077333,0.034946,0.013369,-16.543,0.30167,-0.024123,0.1018,0.0065376,0,0,0,0,0,1,2.1467,2.1467,2.5,1.5
-0.26698,318.98,0.026199,-0.19177,0.02174,0.19524,0.026199,-0.19177,0.02174,0.0079229,0.035493,0.013458,-16.542,0.30547,-0.046741,0.10929,0.021234,0,0,0,0,0,1,2.17,2.17,2.5,1.5
-0.27479,318.84,0.029194,-0.18589,0.015109,0.18892,0.029194,-0.18589,0.015109,0.0081124,0.03604,0.013547,-16.541,0.30927,-0.069359,0.11678,0.035931,0,0,0,0,0,1,2.1933,2.1933,2.5,1.5
-0.27939,318.7,0.0326,-0.17917,0.0083356,0.18281,0.0326,-0.17917,0.0083356,0.0082512,0.036498,0.013658,-16.54,0.31274,-0.089728,0.11698,0.044834,0,0,0,0,0,1,2.2167,2.2167,2.5,1.5
-0.2827,318.55,0.036171,-0.17211,0.0015046,0.17679,0.036171,-0.17211,0.0015046,0.0083697,0.03692,0.013777,-16.539,0.31609,-0.1092,0.11427,0.05142,0,0,0,0,0,1,2.24,2.24,2.5,1.5
-0.28602,318.4,0.039743,-0.16506,-0.0053265,0.17077,0.039743,-0.16506,-0.0053265,0.0084882,0.037342,0.013896,-16.539,0.31944,-0.12867,0.11156,0.058005,0,0,0,0,0,1,2.2633,2.2633,2.5,1.5
-0.28934,318.26,0.043314,-0.158,-0.012158,0.16475,0.043314,-0.158,-0.012158,0.0086068,0.037764,0.014015,-16.538,0.32279,-0.14813,0.10885,0.064591,0,0,0,0,0,1,2.2867,2.2867,2.5,1.5
-0.29044,318.11,0.046934,-0.15078,-0.018821,0.15951,0.046934,-0.15078,-0.018821,0.0086805,0.038094,0.01414,-16.538,0.32586,-0.16527,0.10282,0.067432,0,0,0,0,0,1,2.31,2.31,2.5,1.5
-0.2886,317.97,0.050619,-0.14333,-0.025261,0.15531,0.050619,-0.14333,-0.025261,0.0086945,0.038299,0.014273,-16.538,0.32856,-0.17929,0.092365,0.065279,0,0,0,0,0,1,2.3333,2.3333,2.5,1.5
-0.28676,317.83,0.054303,-0.13588,-0.0317,0.15111,0.054303,-0.13588,-0.0317,0.0087085,0.038505,0.014405,-16.538,0.33126,-0.19331,0.081907,0.063126,0,0,0,0,0,1,2.3567,2.3567,2.5,1.5
-0.28492,317.7,0.057988,-0.12843,-0.03814,0.14691,0.057988,-0.12843,-0.03814,0.0087226,0.038711,0.014537,-16.538,0.33396,-0.20733,0.071448,0.060973,0,0,0,0,0,1,2.38,2.38,2.5,1.5
-0.28241,317.56,0.061624,-0.12103,-0.04446,0.14309,0.061624,-0.12103,-0.04446,0.0087223,0.038884,0.014671,-16.538,0.33656,-0.22042,0.060362,0.057842,0,0,0,0,0,1,2.4033,2.4033,2.5,1.5
-0.2759,317.44,0.064966,-0.11392,-0.050059,0.14153,0.064966,-0.11392,-0.050059,0.0086366,0.038864,0.014809,-16.539,0.33856,-0.22798,0.045514,0.048846,0,0,0,0,0,1,2.4267,2.4267,2.5,1.5
-0.26939,317.32,0.068308,-0.10682,-0.055658,0.13996,0.068308,-0.10682,-0.055658,0.0085508,0.038844,0.014947,-16.539,0.34056,-0.23553,0.030666,0.03985,0,0,0,0,0,1,2.45,2.45,2.5,1.5
-0.26287,317.2,0.07165,-0.099711,-0.061258,0.1384,0.07165,-0.099711,-0.061258,0.008465,0.038824,0.015085,-16.54,0.34256,-0.24309,0.015818,0.030854,0,0,0,0,0,1,2.4733,2.4733,2.5,1.5
-0.25636,317.08,0.074993,-0.092606,-0.066857,0.13683,0.074993,-0.092606,-0.066857,0.0083793,0.038803,0.015223,-16.541,0.34457,-0.25064,0.00097031,0.021857,0,0,0,0,0,1,2.4967,2.4967,2.5,1.5
-0.24696,316.98,0.077723,-0.086274,-0.071487,0.13706,0.077723,-0.086274,-0.071487,0.0082376,0.038638,0.015365,-16.542,0.34602,-0.25284,-0.015294,0.0092613,0,0,0,0,0,1,2.52,2.52,2.5,1.5
-0.23708,316.88,0.080351,-0.08007,-0.075955,0.13759,0.080351,-0.08007,-0.075955,0.0080867,0.038448,0.015508,-16.543,0.34737,-0.25414,-0.031795,-0.0039347,0,0,0,0,0,1,2.5433,2.5433,2.5,1.5
-0.2272,316.78,0.082979,-0.073867,-0.080423,0.13811,0.082979,-0.073867,-0.080423,0.0079357,0.038259,0.01565,-16.544,0.34873,-0.25544,-0.048296,-0.017131,0,0,0,0,0,1,2.5667,2.5667,2.5,1.5
-0.21732,316.69,0.085607,-0.067663,-0.084891,0.13864,0.085607,-0.067663,-0.084891,0.0077848,0.038069,0.015792,-16.545,0.35009,-0.25674,-0.064797,-0.030327,0,0,0,0,0,1,2.59,2.59,2.5,1.5
-0.20655,316.61,0.087661,-0.062173,-0.088616,0.13957,0.087661,-0.062173,-0.088616,0.0076215,0.037829,0.015935,-16.546,0.35114,-0.25493,-0.081352,-0.044671,0,0,0,0,0,1,2.6133,2.6133,2.5,1.5
-0.1951,316.54,0.089285,-0.057218,-0.091785,0.14079,0.089285,-0.057218,-0.091785,0.007449,0.037552,0.016077,-16.547,0.35197,-0.25079,-0.097948,-0.059876,0,0,0,0,0,1,2.6367,2.6367,2.5,1.5
-0.18366,316.46,0.090909,-0.052263,-0.094953,0.14202,0.090909,-0.052263,-0.094953,0.0072765,0.037275,0.016219,-16.549,0.3528,-0.24665,-0.11454,-0.075082,0,0,0,0,0,1,2.66,2.66,2.5,1.5
-0.17222,316.39,0.092532,-0.047308,-0.098121,0.14325,0.092532,-0.047308,-0.098121,0.007104,0.036998,0.016362,-16.55,0.35362,-0.24251,-0.13114,-0.090287,0,0,0,0,0,1,2.6833,2.6833,2.5,1.5
-0.16085,316.33,0.093808,-0.042749,-0.1009,0.14431,0.093808,-0.042749,-0.1009,0.0069355,0.036717,0.016501,-16.552,0.35434,-0.23716,-0.1475,-0.10562,0,0,0,0,0,1,2.7067,2.7067,2.5,1.5
-0.14967,316.28,0.094215,-0.03918,-0.10271,0.14499,0.094215,-0.03918,-0.10271,0.0067769,0.036427,0.016631,-16.553,0.35479,-0.22878,-0.16327,-0.12127,0,0,0,0,0,1,2.73,2.73,2.5,1.5
-0.13849,316.22,0.094621,-0.03561,-0.10452,0.14566,0.094621,-0.03561,-0.10452,0.0066183,0.036136,0.016762,-16.555,0.35524,-0.22041,-0.17905,-0.13693,0,0,0,0,0,1,2.7533,2.7533,2.5,1.5
-0.12731,316.17,0.095028,-0.032041,-0.10633,0.14634,0.095028,-0.032041,-0.10633,0.0064597,0.035846,0.016893,-16.556,0.35568,-0.21203,-0.19482,-0.15258,0,0,0,0,0,1,2.7767,2.7767,2.5,1.5
-0.11613,316.12,0.095434,-0.028471,-0.10814,0.14701,0.095434,-0.028471,-0.10814,0.0063011,0.035556,0.017024,-16.558,0.35613,-0.20365,-0.21059,-0.16823,0,0,0,0,0,1,2.8,2.8,2.5,1.5
-0.10634,316.08,0.094488,-0.026279,-0.10861,0.1464,0.094488,-0.026279,-0.10861,0.006175,0.035298,0.017127,-16.559,0.35634,-0.19225,-0.22494,-0.18348,0,0,0,0,0,1,2.8233,2.8233,2.5,1.5
-0.096556,316.04,0.093541,-0.024086,-0.10909,0.14579,0.093541,-0.024086,-0.10909,0.0060489,0.035041,0.017231,-16.561,0.35656,-0.18085,-0.23928,-0.19874,0,0,0,0,0,1,2.8467,2.8467,2.5,1.5
-0.086768,316,0.092595,-0.021894,-0.10956,0.14518,0.092595,-0.021894,-0.10956,0.0059228,0.034783,0.017335,-16.562,0.35677,-0.16945,-0.25363,-0.21399,0,0,0,0,0,1,2.87,2.87,2.5,1.5
-0.076981,315.96,0.091649,-0.019701,-0.11004,0.14458,0.091649,-0.019701,-0.11004,0.0057967,0.034526,0.017438,-16.564,0.35699,-0.15805,-0.26798,-0.22924,0,0,0,0,0,1,2.8933,2.8933,2.5,1.5
-0.068563,315.92,0.089693,-0.018443,-0.10962,0.14285,0.089693,-0.018443,-0.10962,0.005696,0.0343,0.017512,-16.565,0.35713,-0.14509,-0.28097,-0.24398,0,0,0,0,0,1,2.9167,2.9167,2.5,1.5
-0.060694,315.88,0.087333,-0.017558,-0.10884,0.14068,0.087333,-0.017558,-0.10884,0.0056055,0.034087,0.017574,-16.567,0.35724,-0.13149,-0.29341,-0.25853,0,0,0,0,0,1,2.94,2.94,2.5,1.5
-0.052824,315.85,0.084974,-0.016674,-0.10806,0.13851,0.084974,-0.016674,-0.10806,0.005515,0.033875,0.017636,-16.568,0.35735,-0.1179,-0.30586,-0.27307,0,0,0,0,0,1,2.9633,2.9633,2.5,1.5
-0.044954,315.81,0.082614,-0.015789,-0.10728,0.13634,0.082614,-0.015789,-0.10728,0.0054245,0.033662,0.017698,-16.57,0.35746,-0.10431,-0.31831,-0.28761,0,0,0,0,0,1,2.9867,2.9867,2.5,1.5
-0.037901,315.76,0.079655,-0.015436,-0.10602,0.13353,0.079655,-0.015436,-0.10602,0.0053466,0.033461,0.017735,-16.571,0.35757,-0.089947,-0.32968,-0.30176,0,0,0,0,0,1,3.01,3.01,2.5,1.5
-0.031937,315.72,0.075897,-0.015792,-0.10412,0.12988,0.075897,-0.015792,-0.10412,0.0052854,0.033276,0.017741,-16.572,0.3577,-0.074566,-0.33961,-0.31539,0,0,0,0,0,1,3.0333,3.0333,2.5,1.5
-0.025972,315.67,0.072138,-0.016147,-0.10222,0.12623,0.072138,-0.016147,-0.10222,0.0052242,0.033091,0.017747,-16.573,0.35783,-0.059186,-0.34955,-0.32902,0,0,0,0,0,1,3.0567,3.0567,2.5,1.5
-0.020008,315.62,0.06838,-0.016503,-0.10032,0.12258,0.06838,-0.016503,-0.10032,0.005163,0.032906,0.017753,-16.574,0.35796,-0.043805,-0.35948,-0.34265,0,0,0,0,0,1,3.08,3.08,2.5,1.5
-0.01428,315.57,0.064436,-0.017028,-0.098285,0.11879,0.064436,-0.017028,-0.098285,0.0051044,0.032719,0.017749,-16.576,0.35812,-0.028179,-0.36893,-0.35607,0,0,0,0,0,1,3.1033,3.1033,2.5,1.5
-0.0099677,315.5,0.059377,-0.018571,-0.095455,0.11417,0.059377,-0.018571,-0.095455,0.0050618,0.032526,0.017687,-16.577,0.35842,-0.011079,-0.37545,-0.36821,0,0,0,0,0,1,3.1267,3.1267,2.5,1.5
-0.0056559,315.43,0.054318,-0.020113,-0.092624,0.10955,0.054318,-0.020113,-0.092624,0.0050191,0.032333,0.017625,-16.577,0.35872,0.0060197,-0.38197,-0.38036,0,0,0,0,0,1,3.15,3.15,2.5,1.5
-0.001344,315.36,0.04926,-0.021655,-0.089794,0.10493,0.04926,-0.021655,-0.089794,0.0049764,0.03214,0.017562,-16.578,0.35902,0.023119,-0.38849,-0.3925,0,0,0,0,0,1,3.1733,3.1733,2.5,1.5
0.0029678,315.29,0.044201,-0.023198,-0.086963,0.10032,0.044201,-0.023198,-0.086963,0.0049337,0.031946,0.0175,-16.579,0.35932,0.040218,-0.39502,-0.40465,0,0,0,0,0,1,3.1967,3.1967,2.5,1.5
0.0059137,315.2,0.038203,-0.025699,-0.083541,0.095988,0.038203,-0.025699,-0.083541,0.0048962,0.031711,0.017375,-16.58,0.35986,0.058741,-0.39726,-0.4139,0,0,0,0,0,1,3.22,3.22,2.5,1.5
0.008632,315.11,0.032048,-0.02836,-0.080021,0.09171,0.032048,-0.02836,-0.080021,0.0048596,0.031469,0.01724,-16.581,0.36043,0.077502,-0.3988,-0.42267,0,0,0,0,0,1,3.2433,3.2433,2.5,1.5
0.01135,315.01,0.025893,-0.03102,-0.0765,0.087432,0.025893,-0.03102,-0.0765,0.0048229,0.031226,0.017104,-16.581,0.36101,0.096262,-0.40033,-0.43144,0,0,0,0,0,1,3.2667,3.2667,2.5,1.5
0.014068,314.92,0.019739,-0.033681,-0.072979,0.083154,0.019739,-0.033681,-0.072979,0.0047863,0.030984,0.016969,-16.582,0.36159,0.11502,-0.40186,-0.44021,0,0,0,0,0,1,3.29,3.29,2.5,1.5
0.01584,314.8,0.013195,-0.036858,-0.069241,0.080505,0.013195,-0.036858,-0.069241,0.004746,0.030698,0.016799,-16.582,0.36229,0.13424,-0.39956,-0.44463,0,0,0,0,0,1,3.3133,3.3133,2.5,1.5
0.016902,314.68,0.0063585,-0.040423,-0.065338,0.079078,0.0063585,-0.040423,-0.065338,0.004703,0.030379,0.016603,-16.583,0.36309,0.15381,-0.39437,-0.44579,0,0,0,0,0,1,3.3367,3.3367,2.5,1.5
0.017964,314.55,-0.0004776,-0.043988,-0.061435,0.077651,-0.0004776,-0.043988,-0.061435,0.00466,0.03006,0.016407,-16.583,0.36389,0.17338,-0.38918,-0.44694,0,0,0,0,0,1,3.36,3.36,2.5,1.5
0.019025,314.43,-0.0073138,-0.047553,-0.057533,0.076224,-0.0073138,-0.047553,-0.057533,0.004617,0.02974,0.016211,-16.583,0.3647,0.19294,-0.384,-0.44809,0,0,0,0,0,1,3.3833,3.3833,2.5,1.5
0.019629,314.3,-0.014147,-0.051217,-0.053623,0.076013,-0.014147,-0.051217,-0.053623,0.0045698,0.0294,0.016006,-16.583,0.36551,0.2122,-0.37686,-0.44587,0,0,0,0,0,1,3.4067,3.4067,2.5,1.5
0.019089,314.14,-0.020972,-0.055131,-0.049695,0.078843,-0.020972,-0.055131,-0.049695,0.0045122,0.029006,0.015781,-16.583,0.36634,0.2307,-0.36486,-0.43518,0,0,0,0,0,1,3.43,3.43,2.5,1.5
0.018549,313.99,-0.027798,-0.059045,-0.045766,0.081673,-0.027798,-0.059045,-0.045766,0.0044545,0.028613,0.015557,-16.583,0.36717,0.24919,-0.35285,-0.42449,0,0,0,0,0,1,3.4533,3.4533,2.5,1.5
0.018008,313.84,-0.034623,-0.062958,-0.041838,0.084503,-0.034623,-0.062958,-0.041838,0.0043969,0.028219,0.015332,-16.583,0.368,0.26768,-0.34084,-0.41381,0,0,0,0,0,1,3.4767,3.4767,2.5,1.5
0.017468,313.68,-0.041448,-0.066872,-0.037909,0.087333,-0.041448,-0.066872,-0.037909,0.0043393,0.027826,0.015107,-16.584,0.36884,0.28617,-0.32884,-0.40312,0,0,0,0,0,1,3.5,3.5,2.5,1.5
0.015925,313.51,-0.047498,-0.070234,-0.034286,0.092136,-0.047498,-0.070234,-0.034286,0.0042662,0.027393,0.014893,-16.583,0.36951,0.30184,-0.31216,-0.38008,0,0,0,0,0,1,3.5233,3.5233,2.5,1.5
0.014383,313.33,-0.053547,-0.073596,-0.030663,0.09694,-0.053547,-0.073596,-0.030663,0.0041932,0.02696,0.014679,-16.583,0.37019,0.31751,-0.29549,-0.35703,0,0,0,0,0,1,3.5467,3.5467,2.5,1.5
0.012841,313.15,-0.059596,-0.076958,-0.027039,0.10174,-0.059596,-0.076958,-0.027039,0.0041202,0.026527,0.014465,-16.583,0.37086,0.33318,-0.27881,-0.33398,0,0,0,0,0,1,3.57,3.57,2.5,1.5
0.011298,312.97,-0.065645,-0.080319,-0.023416,0.10655,-0.065645,-0.080319,-0.023416,0.0040471,0.026094,0.014251,-16.583,0.37154,0.34885,-0.26213,-0.31094,0,0,0,0,0,1,3.5933,3.5933,2.5,1.5
0.009874,312.79,-0.070752,-0.082568,-0.020189,0.11081,-0.070752,-0.082568,-0.020189,0.0039677,0.025671,0.014071,-16.583,0.37204,0.36206,-0.2445,-0.28179,0,0,0,0,0,1,3.6167,3.6167,2.5,1.5
0.008497,312.59,-0.075481,-0.084372,-0.017122,0.11485,-0.075481,-0.084372,-0.017122,0.0038856,0.025251,0.013904,-16.583,0.37247,0.37429,-0.22648,-0.2502,0,0,0,0,0,1,3.64,3.64,2.5,1.5
0.00712,312.4,-0.08021,-0.086176,-0.014054,0.1189,-0.08021,-0.086176,-0.014054,0.0038036,0.024831,0.013737,-16.582,0.3729,0.38652,-0.20845,-0.21861,0,0,0,0,0,1,3.6633,3.6633,2.5,1.5
0.005743,312.21,-0.084939,-0.087979,-0.010986,0.12294,-0.084939,-0.087979,-0.010986,0.0037216,0.024411,0.01357,-16.582,0.37333,0.39875,-0.19043,-0.18703,0,0,0,0,0,1,3.6867,3.6867,2.5,1.5
0.0048671,312.03,-0.089039,-0.088801,-0.0081892,0.1261,-0.089039,-0.088801,-0.0081892,0.0036398,0.024017,0.013432,-16.582,0.37362,0.40978,-0.17329,-0.15455,0,0,0,0,0,1,3.71,3.71,2.5,1.5
0.0046593,311.85,-0.0923,-0.088313,-0.0057531,0.12808,-0.0923,-0.088313,-0.0057531,0.0035584,0.023657,0.013334,-16.582,0.37372,0.41923,-0.15733,-0.12087,0,0,0,0,0,1,3.7333,3.7333,2.5,1.5
0.0044515,311.68,-0.095561,-0.087824,-0.003317,0.13005,-0.095561,-0.087824,-0.003317,0.0034771,0.023297,0.013235,-16.582,0.37381,0.42868,-0.14137,-0.087192,0,0,0,0,0,1,3.7567,3.7567,2.5,1.5
0.0042437,311.5,-0.098822,-0.087336,-0.00088085,0.13203,-0.098822,-0.087336,-0.00088085,0.0033957,0.022936,0.013136,-16.581,0.37391,0.43813,-0.1254,-0.053515,0,0,0,0,0,1,3.78,3.78,2.5,1.5
0.0042239,311.33,-0.10191,-0.086494,0.0014833,0.13371,-0.10191,-0.086494,0.0014833,0.0033157,0.022588,0.013047,-16.581,0.37393,0.44738,-0.11002,-0.020433,0,0,0,0,0,1,3.8033,3.8033,2.5,1.5
0.0053315,311.21,-0.10393,-0.083532,0.0034158,0.13361,-0.10393,-0.083532,0.0034158,0.0032442,0.022313,0.013015,-16.581,0.37354,0.45542,-0.098124,0.0090804,0,0,0,0,0,1,3.8267,3.8267,2.5,1.5
0.0064392,311.08,-0.10596,-0.08057,0.0053483,0.13351,-0.10596,-0.08057,0.0053483,0.0031726,0.022038,0.012984,-16.581,0.37315,0.46346,-0.086228,0.038594,0,0,0,0,0,1,3.85,3.85,2.5,1.5
0.0075468,310.96,-0.10799,-0.077607,0.0072809,0.13341,-0.10799,-0.077607,0.0072809,0.0031011,0.021762,0.012952,-16.581,0.37275,0.4715,-0.074333,0.068107,0,0,0,0,0,1,3.8733,3.8733,2.5,1.5
0.0086545,310.83,-0.11002,-0.074645,0.0092134,0.13331,-0.11002,-0.074645,0.0092134,0.0030295,0.021487,0.01292,-16.581,0.37236,0.47954,-0.062437,0.09762,0,0,0,0,0,1,3.8967,3.8967,2.5,1.5
0.010378,310.78,-0.11136,-0.069851,0.010875,0.13222,-0.11136,-0.069851,0.010875,0.0029719,0.021286,0.012927,-16.581,0.37147,0.48696,-0.053779,0.12044,0,0,0,0,0,1,3.92,3.92,2.5,1.5
0.012204,310.74,-0.11259,-0.064751,0.012493,0.13098,-0.11259,-0.064751,0.012493,0.0029166,0.021098,0.01294,-16.581,0.3705,0.49429,-0.045659,0.14213,0,0,0,0,0,1,3.9433,3.9433,2.5,1.5
0.014029,310.69,-0.11382,-0.059652,0.01411,0.12973,-0.11382,-0.059652,0.01411,0.0028613,0.020909,0.012953,-16.581,0.36953,0.50161,-0.03754,0.16383,0,0,0,0,0,1,3.9667,3.9667,2.5,1.5
0.015855,310.65,-0.11505,-0.054552,0.015727,0.12848,-0.11505,-0.054552,0.015727,0.002806,0.020721,0.012967,-16.581,0.36856,0.50894,-0.02942,0.18553,0,0,0,0,0,1,3.99,3.99,2.5,1.5
0.017609,310.65,-0.11606,-0.048571,0.017228,0.12737,-0.11606,-0.048571,0.017228,0.0027617,0.020575,0.012986,-16.581,0.36731,0.51542,-0.022826,0.20254,0,0,0,0,0,1,4.0133,4.0133,2.5,1.5
0.019308,310.69,-0.1169,-0.04193,0.018642,0.12636,-0.1169,-0.04193,0.018642,0.0027256,0.02046,0.01301,-16.581,0.36584,0.52128,-0.017375,0.21603,0,0,0,0,0,1,4.0367,4.0367,2.5,1.5
0.021007,310.72,-0.11774,-0.035288,0.020057,0.12535,-0.11774,-0.035288,0.020057,0.0026895,0.020345,0.013035,-16.581,0.36437,0.52713,-0.011924,0.22951,0,0,0,0,0,1,4.06,4.06,2.5,1.5
0.022706,310.76,-0.11858,-0.028647,0.021471,0.12434,-0.11858,-0.028647,0.021471,0.0026534,0.020231,0.013059,-16.581,0.3629,0.53298,-0.0064727,0.243,0,0,0,0,0,1,4.0833,4.0833,2.5,1.5
0.024158,310.8,-0.11937,-0.021734,0.022844,0.12374,-0.11937,-0.021734,0.022844,0.0026228,0.020131,0.013077,-16.581,0.36136,0.53799,-0.0016534,0.25471,0,0,0,0,0,1,4.1067,4.1067,2.5,1.5
0.024995,310.89,-0.12005,-0.01414,0.024112,0.12419,-0.12005,-0.01414,0.024112,0.0026061,0.020071,0.013079,-16.581,0.35962,0.54088,0.001587,0.26196,0,0,0,0,0,1,4.13,4.13,2.5,1.5
0.025832,310.97,-0.12073,-0.0065466,0.02538,0.12464,-0.12073,-0.0065466,0.02538,0.0025894,0.02001,0.013081,-16.582,0.35787,0.54378,0.0048274,0.26921,0,0,0,0,0,1,4.1533,4.1533,2.5,1.5
0.026669,311.06,-0.12142,0.0010469,0.026648,0.12509,-0.12142,0.0010469,0.026648,0.0025727,0.019949,0.013083,-16.582,0.35613,0.54667,0.0080678,0.27646,0,0,0,0,0,1,4.1767,4.1767,2.5,1.5
0.027506,311.14,-0.1221,0.0086403,0.027916,0.12554,-0.1221,0.0086403,0.027916,0.002556,0.019888,0.013085,-16.582,0.35439,0.54956,0.011308,0.28371,0,0,0,0,0,1,4.2,4.2,2.5,1.5
0.027078,311.24,-0.12267,0.016768,0.029113,0.12799,-0.12267,0.016768,0.029113,0.0025561,0.019858,0.013043,-16.582,0.35261,0.54839,0.012083,0.28754,0,0,0,0,0,1,4.2233,4.2233,2.5,1.5
0.02665,311.34,-0.12325,0.024895,0.03031,0.13043,-0.12325,0.024895,0.03031,0.0025563,0.019827,0.013001,-16.582,0.35083,0.54723,0.012858,0.29138,0,0,0,0,0,1,4.2467,4.2467,2.5,1.5
0.026222,311.44,-0.12382,0.033023,0.031507,0.13287,-0.12382,0.033023,0.031507,0.0025564,0.019797,0.01296,-16.582,0.34905,0.54606,0.013633,0.29522,0,0,0,0,0,1,4.27,4.27,2.5,1.5
0.025794,311.54,-0.1244,0.04115,0.032704,0.13531,-0.1244,0.04115,0.032704,0.0025565,0.019766,0.012918,-16.582,0.34727,0.5449,0.014408,0.29905,0,0,0,0,0,1,4.2933,4.2933,2.5,1.5
0.024398,311.63,-0.12486,0.049497,0.033963,0.13905,-0.12486,0.049497,0.033963,0.0025648,0.019738,0.01284,-16.582,0.34558,0.54037,0.013205,0.30181,0,0,0,0,0,1,4.3167,4.3167,2.5,1.5
0.022615,311.72,-0.12528,0.057932,0.035245,0.1433,-0.12528,0.057932,0.035245,0.0025762,0.019711,0.012748,-16.582,0.34393,0.5345,0.011212,0.30414,0,0,0,0,0,1,4.34,4.34,2.5,1.5
0.020832,311.82,-0.1257,0.066366,0.036528,0.14756,-0.1257,0.066366,0.036528,0.0025877,0.019683,0.012657,-16.582,0.34227,0.52862,0.0092177,0.30646,0,0,0,0,0,1,4.3633,4.3633,2.5,1.5
0.019049,311.91,-0.12611,0.074801,0.037811,0.15181,-0.12611,0.074801,0.037811,0.0025992,0.019656,0.012565,-16.582,0.34061,0.52275,0.0072239,0.30878,0,0,0,0,0,1,4.3867,4.3867,2.5,1.5
0.016719,312,-0.12643,0.083289,0.039238,0.15664,-0.12643,0.083289,0.039238,0.0026123,0.019618,0.012454,-16.581,0.33903,0.5146,0.0043008,0.3105,0,0,0,0,0,1,4.41,4.41,2.5,1.5
0.013662,312.08,-0.1266,0.091848,0.040856,0.16222,-0.1266,0.091848,0.040856,0.0026276,0.019565,0.012318,-16.581,0.33756,0.50341,0.00013859,0.31139,0,0,0,0,0,1,4.4333,4.4333,2.5,1.5
0.010604,312.15,-0.12678,0.10041,0.042475,0.16781,-0.12678,0.10041,0.042475,0.002643,0.019513,0.012182,-16.581,0.33609,0.49223,-0.0040236,0.31229,0,0,0,0,0,1,4.4567,4.4567,2.5,1.5
0.0075456,312.23,-0.12695,0.10897,0.044093,0.1734,-0.12695,0.10897,0.044093,0.0026583,0.01946,0.012046,-16.581,0.33462,0.48104,-0.0081858,0.31319,0,0,0,0,0,1,4.48,4.48,2.5,1.5
0.0043398,312.31,-0.12709,0.1175,0.045797,0.1791,-0.12709,0.1175,0.045797,0.0026731,0.019401,0.011906,-16.581,0.33317,0.46904,-0.012361,0.31369,0,0,0,0,0,1,4.5033,4.5033,2.5,1.5
0.0002469,312.37,-0.12697,0.1259,0.048011,0.18548,-0.12697,0.1259,0.048011,0.0026842,0.019301,0.011738,-16.581,0.33188,0.45211,-0.016613,0.31179,0,0,0,0,0,1,4.5267,4.5267,2.5,1.5
-0.0038461,312.43,-0.12686,0.13429,0.050225,0.19186,-0.12686,0.13429,0.050225,0.0026953,0.019201,0.011571,-16.58,0.33058,0.43519,-0.020864,0.30988,0,0,0,0,0,1,4.55,4.55,2.5,1.5
-0.007939,312.5,-0.12674,0.14269,0.052439,0.19824,-0.12674,0.14269,0.052439,0.0027064,0.019102,0.011404,-16.58,0.32929,0.41827,-0.025116,0.30798,0,0,0,0,0,1,4.5733,4.5733,2.5,1.5
-0.012032,312.56,-0.12663,0.15108,0.054653,0.20462,-0.12663,0.15108,0.054653,0.0027175,0.019002,0.011236,-16.58,0.328,0.40135,-0.029368,0.30608,0,0,0,0,0,1,4.5967,4.5967,2.5,1.5
-0.016585,312.61,-0.12629,0.15894,0.057488,0.21117,-0.12629,0.15894,0.057488,0.0027191,0.018854,0.011057,-16.58,0.32682,0.37963,-0.03076,0.29994,0,0,0,0,0,1,4.62,4.62,2.5,1.5
-0.021214,312.67,-0.12591,0.16671,0.060426,0.21775,-0.12591,0.16671,0.060426,0.0027192,0.018698,0.010877,-16.58,0.32566,0.35711,-0.031676,0.2931,0,0,0,0,0,1,4.6433,4.6433,2.5,1.5
-0.025844,312.72,-0.12554,0.17448,0.063365,0.22433,-0.12554,0.17448,0.063365,0.0027192,0.018542,0.010696,-16.58,0.3245,0.33459,-0.032592,0.28625,0,0,0,0,0,1,4.6667,4.6667,2.5,1.5
-0.030473,312.77,-0.12516,0.18225,0.066303,0.23091,-0.12516,0.18225,0.066303,0.0027193,0.018386,0.010515,-16.579,0.32334,0.31207,-0.033508,0.27941,0,0,0,0,0,1,4.69,4.69,2.5,1.5
-0.034885,312.82,-0.12471,0.18929,0.069576,0.23719,-0.12471,0.18929,0.069576,0.0027111,0.018205,0.01034,-16.579,0.32223,0.28698,-0.030432,0.26854,0,0,0,0,0,1,4.7133,4.7133,2.5,1.5
-0.039135,312.87,-0.12421,0.19578,0.073099,0.24326,-0.12421,0.19578,0.073099,0.0026968,0.018005,0.010168,-16.579,0.32114,0.25996,-0.024361,0.25464,0,0,0,0,0,1,4.7367,4.7367,2.5,1.5
-0.043384,312.91,-0.1237,0.20227,0.076623,0.24933,-0.1237,0.20227,0.076623,0.0026825,0.017805,0.0099965,-16.579,0.32006,0.23294,-0.018291,0.24075,0,0,0,0,0,1,4.76,4.76,2.5,1.5
-0.047633,312.96,-0.1232,0.20877,0.080147,0.25541,-0.1232,0.20877,0.080147,0.0026682,0.017605,0.0098248,-16.579,0.31898,0.20591,-0.012221,0.22686,0,0,0,0,0,1,4.7833,4.7833,2.5,1.5
-0.051382,313.01,-0.12272,0.21468,0.083713,0.26109,-0.12272,0.21468,0.083713,0.0026504,0.017402,0.0096624,-16.579,0.31792,0.17826,-0.0035928,0.2107,0,0,0,0,0,1,4.8067,4.8067,2.5,1.5
-0.053879,313.05,-0.12231,0.21915,0.087388,0.26583,-0.12231,0.21915,0.087388,0.0026239,0.017189,0.0095227,-16.579,0.31689,0.14905,0.011429,0.18888,0,0,0,0,0,1,4.83,4.83,2.5,1.5
-0.056376,313.1,-0.1219,0.22361,0.091062,0.27056,-0.1219,0.22361,0.091062,0.0025974,0.016976,0.009383,-16.579,0.31585,0.11983,0.026451,0.16706,0,0,0,0,0,1,4.8533,4.8533,2.5,1.5
-0.058873,313.15,-0.12149,0.22807,0.094737,0.2753,-0.12149,0.22807,0.094737,0.0025709,0.016764,0.0092434,-16.58,0.31482,0.090607,0.041473,0.14524,0,0,0,0,0,1,4.8767,4.8767,2.5,1.5
-0.06137,313.19,-0.12108,0.23254,0.098411,0.28003,-0.12108,0.23254,0.098411,0.0025443,0.016551,0.0091037,-16.58,0.31379,0.061387,0.056495,0.12342,0,0,0,0,0,1,4.9,4.9,2.5,1.5
-0.060797,313.24,-0.12098,0.23427,0.10162,0.28261,-0.12098,0.23427,0.10162,0.0025123,0.016362,0.0090106,-16.58,0.31288,0.033586,0.07931,0.095016,0,0,0,0,0,1,4.9233,4.9233,2.5,1.5
-0.060224,313.29,-0.12088,0.23601,0.10483,0.28519,-0.12088,0.23601,0.10483,0.0024803,0.016174,0.0089174,-16.581,0.31196,0.005784,0.10212,0.066608,0,0,0,0,0,1,4.9467,4.9467,2.5,1.5
-0.059651,313.34,-0.12078,0.23775,0.10804,0.28776,-0.12078,0.23775,0.10804,0.0024483,0.015985,0.0088243,-16.581,0.31104,-0.022017,0.12494,0.0382,0,0,0,0,0,1,4.97,4.97,2.5,1.5
-0.059079,313.39,-0.12068,0.23948,0.11125,0.29034,-0.12068,0.23948,0.11125,0.0024163,0.015797,0.0087311,-16.581,0.31012,-0.049819,0.14775,0.0097913,0,0,0,0,0,1,4.9933,4.9933,2.5,1.5
-0.056149,313.43,-0.12087,0.23897,0.1137,0.29096,-0.12087,0.23897,0.1137,0.0023856,0.015641,0.0086698,-16.582,0.30942,-0.073463,0.17312,-0.020776,0,0,0,0,0,1,5.0167,5.0167,2.5,1.5
-0.052276,313.48,-0.12118,0.23755,0.11586,0.2908,-0.12118,0.23755,0.11586,0.0023554,0.015498,0.0086212,-16.583,0.3088,-0.095444,0.1995,-0.052206,0,0,0,0,0,1,5.04,5.04,2.5,1.5
-0.048404,313.52,-0.12149,0.23613,0.11802,0.29065,-0.12149,0.23613,0.11802,0.0023252,0.015355,0.0085726,-16.584,0.30818,-0.11743,0.22588,-0.083636,0,0,0,0,0,1,5.0633,5.0633,2.5,1.5
-0.044531,313.57,-0.1218,0.23471,0.12017,0.29049,-0.1218,0.23471,0.12017,0.0022949,0.015212,0.008524,-16.584,0.30756,-0.13941,0.25226,-0.11507,0,0,0,0,0,1,5.0867,5.0867,2.5,1.5
-0.039892,313.61,-0.12227,0.23194,0.12173,0.28912,-0.12227,0.23194,0.12173,0.0022668,0.015086,0.0084869,-16.585,0.3072,-0.15723,0.2777,-0.14576,0,0,0,0,0,1,5.11,5.11,2.5,1.5
-0.03423,313.65,-0.12296,0.22736,0.12249,0.28613,-0.12296,0.22736,0.12249,0.0022414,0.014982,0.0084651,-16.586,0.30716,-0.16949,0.30187,-0.17548,0,0,0,0,0,1,5.1333,5.1333,2.5,1.5
-0.028568,313.68,-0.12364,0.22278,0.12326,0.28314,-0.12364,0.22278,0.12326,0.0022161,0.014878,0.0084433,-16.587,0.30712,-0.18176,0.32605,-0.2052,0,0,0,0,0,1,5.1567,5.1567,2.5,1.5
-0.022906,313.72,-0.12432,0.21821,0.12402,0.28016,-0.12432,0.21821,0.12402,0.0021907,0.014774,0.0084216,-16.588,0.30708,-0.19403,0.35022,-0.23491,0,0,0,0,0,1,5.18,5.18,2.5,1.5
-0.017361,313.75,-0.12504,0.21324,0.12459,0.27685,-0.12504,0.21324,0.12459,0.0021656,0.014671,0.0084004,-16.589,0.30714,-0.20466,0.37334,-0.26371,0,0,0,0,0,1,5.2033,5.2033,2.5,1.5
-0.012518,313.77,-0.12595,0.20595,0.12403,0.27158,-0.12595,0.20595,0.12403,0.0021421,0.014576,0.008383,-16.59,0.30786,-0.20542,0.39015,-0.28695,0,0,0,0,0,1,5.2267,5.2267,2.5,1.5
-0.0076749,313.79,-0.12687,0.19865,0.12346,0.26632,-0.12687,0.19865,0.12346,0.0021186,0.014481,0.0083656,-16.591,0.30857,-0.20619,0.40696,-0.3102,0,0,0,0,0,1,5.25,5.25,2.5,1.5
-0.0028318,313.81,-0.12778,0.19136,0.1229,0.26105,-0.12778,0.19136,0.1229,0.0020952,0.014385,0.0083482,-16.592,0.30928,-0.20696,0.42377,-0.33344,0,0,0,0,0,1,5.2733,5.2733,2.5,1.5
0.0020111,313.83,-0.1287,0.18407,0.12233,0.25578,-0.1287,0.18407,0.12233,0.0020717,0.01429,0.0083308,-16.593,0.30999,-0.20772,0.44057,-0.35669,0,0,0,0,0,1,5.2967,5.2967,2.5,1.5
0.0045779,313.84,-0.1297,0.17517,0.12104,0.24959,-0.1297,0.17517,0.12104,0.0020443,0.014173,0.0083049,-16.594,0.31123,-0.19957,0.44899,-0.37114,0,0,0,0,0,1,5.32,5.32,2.5,1.5
0.0067652,313.85,-0.13072,0.166,0.11963,0.24325,-0.13072,0.166,0.11963,0.0020162,0.014051,0.0082776,-16.596,0.31255,-0.18994,0.45601,-0.38413,0,0,0,0,0,1,5.3433,5.3433,2.5,1.5
0.0089526,313.85,-0.13175,0.15684,0.11822,0.2369,-0.13175,0.15684,0.11822,0.0019881,0.01393,0.0082503,-16.597,0.31388,-0.1803,0.46303,-0.39711,0,0,0,0,0,1,5.3667,5.3667,2.5,1.5
0.01114,313.86,-0.13277,0.14767,0.11681,0.23055,-0.13277,0.14767,0.11681,0.00196,0.013809,0.008223,-16.598,0.3152,-0.17067,0.47005,-0.4101,0,0,0,0,0,1,5.39,5.39,2.5,1.5
0.011984,313.86,-0.13382,0.13807,0.11528,0.22452,-0.13382,0.13807,0.11528,0.0019269,0.013663,0.0081897,-16.599,0.31665,-0.15709,0.47225,-0.41632,0,0,0,0,0,1,5.4133,5.4133,2.5,1.5
0.01182,313.86,-0.1349,0.12815,0.11366,0.2187,-0.1349,0.12815,0.11366,0.0018901,0.0135,0.0081518,-16.6,0.31819,-0.14056,0.47083,-0.41746,0,0,0,0,0,1,5.4367,5.4367,2.5,1.5
0.011656,313.86,-0.13597,0.11824,0.11204,0.21289,-0.13597,0.11824,0.11204,0.0018533,0.013336,0.0081139,-16.601,0.31972,-0.12403,0.46942,-0.4186,0,0,0,0,0,1,5.46,5.46,2.5,1.5
0.011493,313.86,-0.13705,0.10832,0.11042,0.20708,-0.13705,0.10832,0.11042,0.0018164,0.013172,0.008076,-16.601,0.32126,-0.1075,0.46801,-0.41974,0,0,0,0,0,1,5.4833,5.4833,2.5,1.5
0.011175,313.86,-0.13814,0.098512,0.10887,0.20182,-0.13814,0.098512,0.10887,0.001778,0.013001,0.0080377,-16.602,0.32276,-0.090369,0.46539,-0.41798,0,0,0,0,0,1,5.5067,5.5067,2.5,1.5
0.010471,313.86,-0.13928,0.088998,0.10747,0.19791,-0.13928,0.088998,0.10747,0.0017355,0.012811,0.007998,-16.603,0.32415,-0.071751,0.45979,-0.40894,0,0,0,0,0,1,5.53,5.53,2.5,1.5
0.009768,313.86,-0.14041,0.079484,0.10607,0.19401,-0.14041,0.079484,0.10607,0.0016931,0.012622,0.0079583,-16.604,0.32555,-0.053133,0.45418,-0.3999,0,0,0,0,0,1,5.5533,5.5533,2.5,1.5
0.0090647,313.86,-0.14154,0.06997,0.10467,0.19011,-0.14154,0.06997,0.10467,0.0016506,0.012432,0.0079187,-16.605,0.32695,-0.034515,0.44858,-0.39086,0,0,0,0,0,1,5.5767,5.5767,2.5,1.5
0.0083614,313.86,-0.14267,0.060457,0.10327,0.18621,-0.14267,0.060457,0.10327,0.0016082,0.012242,0.007879,-16.606,0.32835,-0.015897,0.44297,-0.38182,0,0,0,0,0,1,5.6,5.6,2.5,1.5
0.0087534,313.87,-0.14379,0.052214,0.10212,0.18454,-0.14379,0.052214,0.10212,0.0015687,0.012064,0.0078477,-16.606,0.32947,0.00020822,0.43813,-0.36704,0,0,0,0,0,1,5.6233,5.6233,2.5,1.5
0.0091454,313.89,-0.14491,0.043971,0.10098,0.18287,-0.14491,0.043971,0.10098,0.0015293,0.011887,0.0078164,-16.607,0.33059,0.016313,0.43328,-0.35226,0,0,0,0,0,1,5.6467,5.6467,2.5,1.5
0.0095374,313.9,-0.14604,0.035729,0.099834,0.1812,-0.14604,0.035729,0.099834,0.0014898,0.011709,0.0077851,-16.608,0.33171,0.032419,0.42843,-0.33748,0,0,0,0,0,1,5.67,5.67,2.5,1.5
0.0099294,313.92,-0.14716,0.027486,0.098689,0.17953,-0.14716,0.027486,0.098689,0.0014504,0.011532,0.0077539,-16.608,0.33283,0.048524,0.42359,-0.3227,0,0,0,0,0,1,5.6933,5.6933,2.5,1.5
0.011458,313.94,-0.14817,0.020422,0.097505,0.17887,-0.14817,0.020422,0.097505,0.0014186,0.01139,0.0077335,-16.609,0.33374,0.060812,0.42187,-0.3073,0,0,0,0,0,1,5.7167,5.7167,2.5,1.5
0.013441,313.97,-0.14913,0.01383,0.096304,0.17862,-0.14913,0.01383,0.096304,0.00139,0.011262,0.0077175,-16.609,0.33457,0.071572,0.42139,-0.29165,0,0,0,0,0,1,5.74,5.74,2.5,1.5
0.015425,314,-0.15008,0.0072371,0.095103,0.17837,-0.15008,0.0072371,0.095103,0.0013613,0.011134,0.0077016,-16.61,0.3354,0.082333,0.42092,-0.276,0,0,0,0,0,1,5.7633,5.7633,2.5,1.5
0.017408,314.03,-0.15104,0.00064451,0.093902,0.17813,-0.15104,0.00064451,0.093902,0.0013327,0.011006,0.0076856,-16.61,0.33622,0.093094,0.42045,-0.26036,0,0,0,0,0,1,5.7867,5.7867,2.5,1.5
0.019844,314.07,-0.15183,-0.005262,0.092473,0.17798,-0.15183,-0.005262,0.092473,0.00131,0.010908,0.0076783,-16.611,0.33692,0.10136,0.42236,-0.24562,0,0,0,0,0,1,5.81,5.81,2.5,1.5
0.022885,314.12,-0.15239,-0.010254,0.090741,0.17798,-0.15239,-0.010254,0.090741,0.0012953,0.010849,0.0076825,-16.611,0.33745,0.1063,0.42744,-0.23211,0,0,0,0,0,1,5.8333,5.8333,2.5,1.5
0.025925,314.16,-0.15296,-0.015246,0.089009,0.17799,-0.15296,-0.015246,0.089009,0.0012806,0.01079,0.0076867,-16.612,0.33798,0.11124,0.43251,-0.21859,0,0,0,0,0,1,5.8567,5.8567,2.5,1.5
0.028966,314.21,-0.15352,-0.020238,0.087278,0.17799,-0.15352,-0.020238,0.087278,0.0012659,0.010731,0.0076909,-16.612,0.33851,0.11618,0.43759,-0.20508,0,0,0,0,0,1,5.88,5.88,2.5,1.5
0.032029,314.25,-0.154,-0.02504,0.085414,0.1779,-0.154,-0.02504,0.085414,0.0012531,0.010683,0.0076988,-16.612,0.33899,0.12043,0.44331,-0.19196,0,0,0,0,0,1,5.9033,5.9033,2.5,1.5
0.03523,314.31,-0.15394,-0.028701,0.08276,0.17732,-0.15394,-0.028701,0.08276,0.0012515,0.010696,0.0077287,-16.612,0.33914,0.12049,0.4529,-0.18117,0,0,0,0,0,1,5.9267,5.9267,2.5,1.5
0.038431,314.36,-0.15388,-0.032362,0.080107,0.17674,-0.15388,-0.032362,0.080107,0.0012499,0.01071,0.0077587,-16.613,0.33929,0.12056,0.46249,-0.17039,0,0,0,0,0,1,5.95,5.95,2.5,1.5
0.041632,314.42,-0.15382,-0.036022,0.077453,0.17616,-0.15382,-0.036022,0.077453,0.0012483,0.010724,0.0077887,-16.613,0.33944,0.12062,0.47208,-0.1596,0,0,0,0,0,1,5.9733,5.9733,2.5,1.5
0.044833,314.47,-0.15377,-0.039683,0.074799,0.17557,-0.15377,-0.039683,0.074799,0.0012467,0.010738,0.0078186,-16.613,0.33959,0.12069,0.48167,-0.14882,0,0,0,0,0,1,5.9967,5.9967,2.5,1.5
0.047704,314.54,-0.15303,-0.042445,0.071182,0.17419,-0.15303,-0.042445,0.071182,0.0012543,0.010806,0.007872,-16.613,0.33926,0.1176,0.49371,-0.13981,0,0,0,0,0,1,6.02,6.02,2.5,1.5
0.05052,314.6,-0.15217,-0.045057,0.067405,0.17268,-0.15217,-0.045057,0.067405,0.0012633,0.010884,0.0079293,-16.613,0.33884,0.11398,0.50616,-0.13109,0,0,0,0,0,1,6.0433,6.0433,2.5,1.5
0.053337,314.66,-0.15132,-0.047668,0.063628,0.17117,-0.15132,-0.047668,0.063628,0.0012724,0.010962,0.0079866,-16.613,0.33843,0.11036,0.5186,-0.12237,0,0,0,0,0,1,6.0667,6.0667,2.5,1.5
0.056153,314.72,-0.15047,-0.05028,0.05985,0.16966,-0.15047,-0.05028,0.05985,0.0012815,0.01104,0.0080439,-16.613,0.33801,0.10674,0.53105,-0.11365,0,0,0,0,0,1,6.09,6.09,2.5,1.5
0.058697,314.79,-0.1491,-0.052425,0.055372,0.16763,-0.1491,-0.052425,0.055372,0.0012953,0.011145,0.008111,-16.613,0.33721,0.10173,0.54444,-0.1058,0,0,0,0,0,1,6.1133,6.1133,2.5,1.5
0.061036,314.86,-0.14735,-0.054218,0.05037,0.16522,-0.14735,-0.054218,0.05037,0.0013126,0.01127,0.0081853,-16.612,0.33612,0.095677,0.55855,-0.098609,0,0,0,0,0,1,6.1367,6.1367,2.5,1.5
0.063375,314.93,-0.1456,-0.056012,0.045367,0.16281,-0.1456,-0.056012,0.045367,0.0013299,0.011395,0.0082597,-16.612,0.33503,0.089623,0.57266,-0.091413,0,0,0,0,0,1,6.16,6.16,2.5,1.5
0.065715,314.99,-0.14385,-0.057806,0.040364,0.1604,-0.14385,-0.057806,0.040364,0.0013472,0.01152,0.0083341,-16.612,0.33394,0.083568,0.58677,-0.084218,0,0,0,0,0,1,6.1833,6.1833,2.5,1.5
0.067844,315.06,-0.14182,-0.059428,0.035,0.15784,-0.14182,-0.059428,0.035,0.0013662,0.011651,0.008407,-16.612,0.33271,0.077194,0.60057,-0.077522,0,0,0,0,0,1,6.2067,6.2067,2.5,1.5
0.069449,315.13,-0.1391,-0.060624,0.028736,0.15493,-0.1391,-0.060624,0.028736,0.0013894,0.011797,0.0084762,-16.611,0.33111,0.070019,0.61359,-0.072075,0,0,0,0,0,1,6.23,6.23,2.5,1.5
0.071054,315.2,-0.13638,-0.06182,0.022471,0.15201,-0.13638,-0.06182,0.022471,0.0014127,0.011943,0.0085455,-16.611,0.32952,0.062845,0.62661,-0.066628,0,0,0,0,0,1,6.2533,6.2533,2.5,1.5
0.072658,315.27,-0.13366,-0.063015,0.016207,0.14909,-0.13366,-0.063015,0.016207,0.0014359,0.012089,0.0086148,-16.611,0.32792,0.055671,0.63962,-0.06118,0,0,0,0,0,1,6.2767,6.2767,2.5,1.5
0.074263,315.34,-0.13094,-0.064211,0.009942,0.14617,-0.13094,-0.064211,0.009942,0.0014592,0.012235,0.008684,-16.61,0.32633,0.048496,0.65264,-0.055733,0,0,0,0,0,1,6.3,6.3,2.5,1.5
0.074656,315.42,-0.12745,-0.065063,0.0025965,0.14382,-0.12745,-0.065063,0.0025965,0.0014858,0.012365,0.0087131,-16.61,0.32459,0.04154,0.66011,-0.052935,0,0,0,0,0,1,6.3233,6.3233,2.5,1.5
0.075049,315.49,-0.12396,-0.065915,-0.0047492,0.14147,-0.12396,-0.065915,-0.0047492,0.0015125,0.012495,0.0087422,-16.609,0.32285,0.034583,0.66757,-0.050137,0,0,0,0,0,1,6.3467,6.3467,2.5,1.5
0.075443,315.56,-0.12048,-0.066767,-0.012095,0.13912,-0.12048,-0.066767,-0.012095,0.0015392,0.012625,0.0087713,-16.608,0.3211,0.027626,0.67504,-0.047339,0,0,0,0,0,1,6.37,6.37,2.5,1.5
0.075836,315.63,-0.11699,-0.067619,-0.01944,0.13677,-0.11699,-0.067619,-0.01944,0.0015659,0.012756,0.0088004,-16.608,0.31936,0.020669,0.68251,-0.044541,0,0,0,0,0,1,6.3933,6.3933,2.5,1.5
0.075346,315.7,-0.11323,-0.06843,-0.027362,0.13587,-0.11323,-0.06843,-0.027362,0.0015948,0.012851,0.0087753,-16.607,0.31778,0.014887,0.68611,-0.043248,0,0,0,0,0,1,6.4167,6.4167,2.5,1.5
0.074502,315.77,-0.10937,-0.069224,-0.035513,0.13556,-0.10937,-0.069224,-0.035513,0.0016246,0.012933,0.0087285,-16.606,0.31627,0.0095742,0.68816,-0.042556,0,0,0,0,0,1,6.44,6.44,2.5,1.5
0.073659,315.84,-0.10551,-0.070019,-0.043665,0.13524,-0.10551,-0.070019,-0.043665,0.0016543,0.013015,0.0086817,-16.606,0.31475,0.0042617,0.69022,-0.041865,0,0,0,0,0,1,6.4633,6.4633,2.5,1.5
0.072815,315.91,-0.10164,-0.070813,-0.051816,0.13492,-0.10164,-0.070813,-0.051816,0.0016841,0.013097,0.0086349,-16.605,0.31323,-0.001051,0.69227,-0.041173,0,0,0,0,0,1,6.4867,6.4867,2.5,1.5
0.071404,315.99,-0.097672,-0.071666,-0.060305,0.13588,-0.097672,-0.071666,-0.060305,0.0017166,0.01315,0.0085454,-16.604,0.3119,-0.005479,0.69342,-0.040806,0,0,0,0,0,1,6.51,6.51,2.5,1.5
0.069235,316.07,-0.093559,-0.072595,-0.069242,0.13852,-0.093559,-0.072595,-0.069242,0.0017527,0.013165,0.0083988,-16.603,0.31082,-0.0087274,0.69337,-0.040873,0,0,0,0,0,1,6.5333,6.5333,2.5,1.5
0.067066,316.14,-0.089446,-0.073525,-0.07818,0.14117,-0.089446,-0.073525,-0.07818,0.0017888,0.01318,0.0082523,-16.602,0.30973,-0.011976,0.69332,-0.040939,0,0,0,0,0,1,6.5567,6.5567,2.5,1.5
0.064897,316.22,-0.085333,-0.074454,-0.087118,0.14381,-0.085333,-0.074454,-0.087118,0.001825,0.013195,0.0081058,-16.602,0.30865,-0.015224,0.69328,-0.041006,0,0,0,0,0,1,6.58,6.58,2.5,1.5
0.062473,316.3,-0.081172,-0.075412,-0.096187,0.1469,-0.081172,-0.075412,-0.096187,0.0018629,0.013195,0.007941,-16.601,0.30762,-0.018214,0.69303,-0.041128,0,0,0,0,0,1,6.6033,6.6033,2.5,1.5
0.058522,316.39,-0.076727,-0.076535,-0.10604,0.15263,-0.076727,-0.076535,-0.10604,0.0019118,0.013108,0.0076659,-16.6,0.30693,-0.019651,0.6916,-0.041585,0,0,0,0,0,1,6.6267,6.6267,2.5,1.5
0.05457,316.47,-0.072281,-0.077658,-0.1159,0.15836,-0.072281,-0.077658,-0.1159,0.0019607,0.013021,0.0073909,-16.599,0.30624,-0.021087,0.69016,-0.042043,0,0,0,0,0,1,6.65,6.65,2.5,1.5
0.050619,316.56,-0.067836,-0.078781,-0.12575,0.1641,-0.067836,-0.078781,-0.12575,0.0020096,0.012934,0.0071158,-16.598,0.30555,-0.022524,0.68873,-0.0425,0,0,0,0,0,1,6.6733,6.6733,2.5,1.5
0.046668,316.65,-0.06339,-0.079905,-0.13561,0.16983,-0.06339,-0.079905,-0.13561,0.0020584,0.012847,0.0068408,-16.597,0.30486,-0.023961,0.68729,-0.042957,0,0,0,0,0,1,6.6967,6.6967,2.5,1.5
0.040145,316.75,-0.05875,-0.081181,-0.14632,0.17792,-0.05875,-0.081181,-0.14632,0.0021365,0.012598,0.0064179,-16.596,0.30419,-0.023525,0.68371,-0.043132,0,0,0,0,0,1,6.72,6.72,2.5,1.5
0.033193,316.85,-0.054078,-0.082482,-0.15718,0.1864,-0.054078,-0.082482,-0.15718,0.0022195,0.012322,0.0059704,-16.596,0.30351,-0.022777,0.67978,-0.04326,0,0,0,0,0,1,6.7433,6.7433,2.5,1.5
0.026242,316.96,-0.049406,-0.083783,-0.16804,0.19488,-0.049406,-0.083783,-0.16804,0.0023024,0.012046,0.0055228,-16.595,0.30284,-0.022029,0.67584,-0.043388,0,0,0,0,0,1,6.7667,6.7667,2.5,1.5
0.01929,317.06,-0.044735,-0.085085,-0.17889,0.20337,-0.044735,-0.085085,-0.17889,0.0023853,0.01177,0.0050753,-16.594,0.30216,-0.021281,0.6719,-0.043516,0,0,0,0,0,1,6.79,6.79,2.5,1.5
0.010618,317.18,-0.03982,-0.086377,-0.19039,0.21311,-0.03982,-0.086377,-0.19039,0.0025694,0.011266,0.0045374,-16.593,0.30111,-0.018925,0.47298,0.020684,0,0,0,0,0,1,6.8133,6.8133,2.5,1.5
0.00065472,317.32,-0.034724,-0.087663,-0.20236,0.22379,-0.034724,-0.087663,-0.20236,0.0028294,0.01059,0.0039319,-16.593,0.29978,-0.015364,0.12781,0.13313,0,0,0,0,0,1,6.8367,6.8367,2.5,1.5
-0.0093087,317.46,-0.029628,-0.088949,-0.21434,0.23448,-0.029628,-0.088949,-0.21434,0.0030894,0.0099137,0.0033264,-16.592,0.29844,-0.011802,-0.21735,0.24557,0,0,0,0,0,1,6.86,6.86,2.5,1.5
-0.019272,317.6,-0.024532,-0.090235,-0.22631,0.24516,-0.024532,-0.090235,-0.22631,0.0033494,0.0092378,0.0027209,-16.592,0.29711,-0.0082407,-0.56251,0.35802,0,0,0,0,0,1,6.8833,6.8833,2.5,1.5
-0.027955,317.72,-0.020108,-0.091325,-0.23666,0.25449,-0.020108,-0.091325,-0.23666,0.0035938,0.0086191,0.0021933,-16.591,0.29589,-0.0049638,-0.90688,0.47042,0,0,0,0,0,1,6.9067,6.9067,2.5,1.5
-0.033437,317.8,-0.017364,-0.091922,-0.24295,0.26043,-0.017364,-0.091922,-0.24295,0.0037995,0.0081433,0.0018609,-16.591,0.29497,-0.0023987,-1.2492,0.58269,0,0,0,0,0,1,6.93,6.93,2.5,1.5
-0.038919,317.87,-0.014621,-0.092519,-0.24923,0.26636,-0.014621,-0.092519,-0.24923,0.0040052,0.0076676,0.0015284,-16.591,0.29405,0.00016646,-1.5916,0.69497,0,0,0,0,0,1,6.9533,6.9533,2.5,1.5
-0.0444,317.95,-0.011877,-0.093117,-0.25552,0.27229,-0.011877,-0.093117,-0.25552,0.0042109,0.0071919,0.001196,-16.591,0.29312,0.0027316,-1.934,0.80725,0,0,0,0,0,1,6.9767,6.9767,2.5,1.5
-0.049882,318.03,-0.0091333,-0.093714,-0.26181,0.27822,-0.0091333,-0.093714,-0.26181,0.0044166,0.0067161,0.0008635,-16.591,0.2922,0.0052967,-2.2763,0.91953,0,0,0,0,0,1,7,7,2.5,1.5
